,Q (m3/s),Load (t)
2009-07-01,0.19672750391863048,0.0007312330283206766
2009-07-02,0.1912555926203668,0.0007075688037967171
2009-07-03,0.18613206935342141,0.0006870217008335315
2009-07-04,0.18119507322473333,0.0006680400237776862
2009-07-05,0.17648028433708554,0.0006503268242828903
2009-07-06,0.17189517842021818,0.0006333030460991756
2009-07-07,0.1673855188191602,0.0006166508565324673
2009-07-08,0.16300963356206072,0.0006005485077166742
2009-07-09,0.1587781174626969,0.0005850090506175874
2009-07-10,0.15507945087829259,0.000573511926595831
2009-07-11,0.15102407432129436,0.0005586031401779407
2009-07-12,0.1471276227966523,0.0005438065212326089
2009-07-13,0.14324210895584902,0.0005289692657943271
2009-07-14,0.1395067914258284,0.0005149186822676724
2009-07-15,0.13593938639754263,0.0005015942055588635
2009-07-16,0.13254275971808338,0.0004890125528472385
2009-07-17,0.1292440306007411,0.0004768568084278681
2009-07-18,0.12604795766045246,0.0004651115455351055
2009-07-19,0.12290710635779162,0.00045358432686980264
2009-07-20,0.11992351896243025,0.0004426546219163683
2009-07-21,0.11767050553297452,0.0004401012840773024
2009-07-22,0.11451444325897163,0.0004256510171807075
2009-07-23,0.11147520437983578,0.0004134042924437282
2009-07-24,0.10867228566478797,0.0004024211557672016
2009-07-25,0.10603869044750548,0.0003923437404540031
2009-07-26,0.10351778739188967,0.00038286657747009533
2009-07-27,0.1010110305498802,0.00037353806161787663
2009-07-28,0.09638812481399227,0.0003585213343412645
2009-07-29,0.08990760917483585,0.0003373730035428614
2009-07-30,0.08174247323813538,0.00031036713058705336
2009-07-31,0.07239561040574602,0.0002781582099656005
2009-08-01,0.061712074798298086,0.00023964714564954118
2009-08-02,0.05149916425632876,0.0002030346872089591
2009-08-03,0.04303844918513555,0.00017186188731496598
2009-08-04,0.036443560682175954,0.0001463693660383098
2009-08-05,0.031776577914030754,0.0001277706779762805
2009-08-06,0.02894275940926494,0.00011627254802426631
2009-08-07,0.0269403809980472,0.00010797986320376929
2009-08-08,0.025630093607571885,0.0001025322548314187
2009-08-09,0.02484542014452967,9.928386058511884e-05
2009-08-10,0.024374221674599884,9.734597613360507e-05
2009-08-11,0.023966330286931133,9.568623349369787e-05
2009-08-12,0.023642327241982702,9.436728475601991e-05
2009-08-13,0.02338681035373957,9.331347147737914e-05
2009-08-14,0.02315150129318098,9.232976057496639e-05
2009-08-15,0.022967505160515548,9.154302666801953e-05
2009-08-16,0.02283871071839465,9.096846120309842e-05
2009-08-17,0.02266070004589723,9.019330483059352e-05
2009-08-18,0.02252373083088276,8.95823419062946e-05
2009-08-19,0.022370434236087276,8.890568218936736e-05
2009-08-20,0.02222352211451941,8.825670427616837e-05
2009-08-21,0.02208382967893833,8.763803216871136e-05
2009-08-22,0.02191344654718007,8.689665265986463e-05
2009-08-23,0.02175829002423647,8.621834895284528e-05
2009-08-24,0.02161746173925545,8.56036834003058e-05
2009-08-25,0.021528032329622717,8.519374175857563e-05
2009-08-26,0.02137021296280004,8.451262242095608e-05
2009-08-27,0.02123000238344557,8.390674930618404e-05
2009-08-28,0.02109152116548328,8.330419327928487e-05
2009-08-29,0.02109831346332884,0.00017384359933564385
2009-08-30,0.020990948081441415,0.00022678995912968908
2009-08-31,0.020886565611797785,0.00023230668977494782
2009-09-01,0.020932914581394853,0.00021155534810131477
2009-09-02,0.02799955137097608,0.00039973546469291356
2009-09-03,0.0595598331257549,0.0018649970632650427
2009-09-04,0.046554114957956715,0.0009862740863614166
2009-09-05,0.03886585181658743,0.0006536468468495095
2009-09-06,0.03196111013799805,0.0004393413655669232
2009-09-07,0.02712830561072718,0.0003055190310400907
2009-09-08,0.024100574289683947,0.00022332435163031653
2009-09-09,0.022260342754534628,0.00017199732528609145
2009-09-10,0.021113340999738203,0.0001391087578708283
2009-09-11,0.020237667401948243,0.00011681726953545746
2009-09-12,0.019649280840439282,0.00010194999598044732
2009-09-13,0.01934484410971315,9.235523180456845e-05
2009-09-14,0.019070533203386402,8.558337639386854e-05
2009-09-15,0.01880259224759616,8.066640374063754e-05
2009-09-16,0.018624431564932552,7.734831720579609e-05
2009-09-17,0.018516591314461275,7.514517495304076e-05
2009-09-18,0.01838642797339846,7.341356515328616e-05
2009-09-19,0.018289604486677585,7.220299510766307e-05
2009-09-20,0.01819657779715654,7.126829210149268e-05
2009-09-21,0.018106352525320203,7.084129741448908e-05
2009-09-22,0.01806287770012185,7.038303834427652e-05
2009-09-23,0.017983076058482286,6.981298969546366e-05
2009-09-24,0.017976312583120182,6.959859395221802e-05
2009-09-25,0.03357172331343595,0.0004688237698892355
2009-09-26,0.03150626550885967,0.00033053954035653775
2009-09-27,0.03033371385789259,0.00026914351204051064
2009-09-28,0.026629082533090834,0.00020429708126721313
2009-09-29,0.023274609899463786,0.00015585902492280598
2009-09-30,0.021005039946790476,0.00012418100933890217
2009-10-01,0.019592026269815512,0.00010404069116978379
2009-10-02,0.018693550590828573,9.103359262449903e-05
2009-10-03,0.01813788525525051,8.261940668385329e-05
2009-10-04,0.017806448915690526,7.717480457788026e-05
2009-10-05,0.017582154391127775,7.351055088307634e-05
2009-10-06,0.017469219174866615,7.119491480391222e-05
2009-10-07,0.017401265457515462,6.965738759938224e-05
2009-10-08,0.017307332029973636,6.842005241390752e-05
2009-10-09,0.017266209861254832,6.767068030543774e-05
2009-10-10,0.01723507050021765,6.714167010726799e-05
2009-10-11,0.01719716117521057,6.67167491979446e-05
2009-10-12,0.01710923968367582,6.61802062339999e-05
2009-10-13,0.01705849581334054,6.585546376512817e-05
2009-10-14,0.016971111821813926,6.542747262313194e-05
2009-10-15,0.016916926504984105,6.515496513222794e-05
2009-10-16,0.016897782252378632,6.503463111189977e-05
2009-10-17,0.01686084112372318,6.485672091320239e-05
2009-10-18,0.016864015711969646,6.485242578680224e-05
2009-10-19,0.019359089631617414,8.117490907476183e-05
2009-10-20,0.017526591341702525,6.822061145673268e-05
2009-10-21,0.01712736907245376,6.633444953800931e-05
2009-10-22,0.016922936402344317,6.536988686378645e-05
2009-10-23,0.016821035679731408,6.485868149165836e-05
2009-10-24,0.016925690323810694,6.517012239418519e-05
2009-10-25,0.016869401630388928,6.496108539039529e-05
2009-10-26,0.016878246893566456,6.505971606589923e-05
2009-10-27,0.08895356214957871,0.0005222215740996401
2009-10-28,0.10502674124989228,0.0005893092689901551
2009-10-29,0.09424527879811005,0.0004967979353857113
2009-10-30,0.13220808376664786,0.0007589885633407041
2009-10-31,0.14586043138035215,0.0008178102295979234
2009-11-01,0.08449470067636085,0.0005160547925009683
2009-11-02,0.05623747881887009,0.0003763152814752819
2009-11-03,0.03924370786457623,0.00026941602390586993
2009-11-04,0.029425037250838365,0.00019155049912404377
2009-11-05,0.023922192922372406,0.00014358737025263718
2009-11-06,0.022997147220874873,0.00022380138926429238
2009-11-07,0.060565032706909626,0.002511777812151994
2009-11-08,0.052541857820826494,0.002091282856721494
2009-11-09,0.22282378367196817,0.01252739633587835
2009-11-10,1.0491531830346166,0.06263421325503099
2009-11-11,1.7555398273983196,0.10401339532186285
2009-11-12,0.9015231245253327,0.04263358167694097
2009-11-13,0.5013684738647223,0.017206368731729496
2009-11-14,0.3560353142477071,0.008072750950921012
2009-11-15,0.288703761935195,0.004161800680604845
2009-11-16,0.2563254744937925,0.002397066843991465
2009-11-17,0.2399039910820492,0.001613015539223117
2009-11-18,0.22809787064750597,0.0011368443959152343
2009-11-19,0.21976908534379058,0.0009107267721964716
2009-11-20,0.21287636499263932,0.0007873110626635208
2009-11-21,0.2066114888847983,0.0007149156835447877
2009-11-22,0.20076462563484754,0.0006690566145810426
2009-11-23,0.19515501404821411,0.0006369837517122243
2009-11-24,0.20001382620687613,0.0012140195589691212
2009-11-25,0.18838056917779247,0.000824029208289597
2009-11-26,0.18160873031230573,0.0007016888325644997
2009-11-27,0.17596471380494447,0.0006292457083560385
2009-11-28,0.1705804700591075,0.0005813088917846177
2009-11-29,0.1656533040327523,0.0005487382941916024
2009-11-30,0.16096035680557555,0.0005246534753040714
2009-12-01,0.15651024635843752,0.0005056171353088884
2009-12-02,0.15231469954839996,0.0004897588173610155
2009-12-03,0.14833511549604886,0.00047587937633314923
2009-12-04,0.21788630716844143,0.0014008197371458216
2009-12-05,0.24186987078473643,0.0019005926264833353
2009-12-06,0.18042103028634088,0.0011849100547820085
2009-12-07,0.154865243889139,0.0008342961956842723
2009-12-08,0.1403260098355282,0.000635771816187005
2009-12-09,0.1313916251761772,0.0005240078737725458
2009-12-10,0.1253757397002127,0.0004594237730025697
2009-12-11,0.12093524507660793,0.00042037354937018225
2009-12-12,0.11724741611863035,0.00039485148776648166
2009-12-13,0.11394895557501641,0.000376714527199504
2009-12-14,0.11106636549217097,0.0003634302616979741
2009-12-15,0.12648705713762642,0.0005809038009351879
2009-12-16,0.12403738700921343,0.0005982100432748025
2009-12-17,0.11693863806257825,0.0005388388117698136
2009-12-18,0.11466848630763915,0.0005329266347465109
2009-12-19,0.10740587088490616,0.00046468636113248374
2009-12-20,0.10042579409351143,0.00039809780347826274
2009-12-21,0.2761105213377638,0.0026882615934920935
2009-12-22,0.1560656979493632,0.0013750650065098467
2009-12-23,0.12375878868460312,0.0009185930262721829
2009-12-24,0.10533958235631724,0.0006424253609639115
2009-12-25,0.0971039637905166,0.0005107883899147707
2009-12-26,0.08795255316841158,0.0003934592067211159
2009-12-27,0.09909714950279729,0.0005400395976090875
2009-12-28,0.22636511101310106,0.002447821344008448
2009-12-29,0.586216669390833,0.008140262611247137
2009-12-30,40.19720853397961,0.5247861031182985
2009-12-31,24.561714681910402,0.3238705359651844
2010-01-01,16.88813336794029,0.15826618093615893
2010-01-02,13.151636573006906,0.11983190931629319
2010-01-03,7.446225552664839,0.06623462481914325
2010-01-04,4.04324351466029,0.03331760827315503
2010-01-05,2.3726510869843036,0.017364127621112915
2010-01-06,1.6195346221406157,0.010205558544020145
2010-01-07,1.3221438019271952,0.007344410316770575
2010-01-08,1.2552828515836094,0.0066877485023426764
2010-01-09,4.637277401829075,0.038599948761871845
2010-01-10,10.760318206800118,0.0984437954619493
2010-01-11,8.10894955912418,0.07254015980789195
2010-01-12,4.931474555979762,0.04105701322756812
2010-01-13,3.071951138906479,0.022926433479926477
2010-01-14,2.0913004140287708,0.013526227821646183
2010-01-15,1.5873969510913957,0.008754584805115689
2010-01-16,1.3244819377574801,0.006324519095758539
2010-01-17,1.1659440993553114,0.004911948937152689
2010-01-18,1.0780397599496785,0.004194912449245169
2010-01-19,1.0219422672311447,0.0038010678543672852
2010-01-20,0.9821057966888591,0.0035720682017563155
2010-01-21,0.9489799853728691,0.003414025883433986
2010-01-22,0.9198501074165885,0.0032934577632488635
2010-01-23,0.8942790640884873,0.0032057896436349983
2010-01-24,0.9792157936522202,0.004074312559410722
2010-01-25,125.96139240718932,1.1811040947202482
2010-01-26,305.59301789406004,2.8471768549376137
2010-01-27,96.47856989169065,0.8717870791359457
2010-01-28,42.32922464969795,0.3427356977409654
2010-01-29,19.389139898047826,0.15502107564979198
2010-01-30,10.588207540705895,0.08232967334892115
2010-01-31,540.1313939755487,4.960161283765085
2010-02-01,104.53286242757133,1.1044850015955792
2010-02-02,67.60292906330145,0.5695670868442323
2010-02-03,24.53508229810144,0.2344735968469464
2010-02-04,13.1821736001278,0.12932972534820777
2010-02-05,8.79099393658842,0.08252638215007789
2010-02-06,7.873173695071119,0.07197044114558696
2010-02-07,11.540415995743729,0.12152065771210441
2010-02-08,10.080721972524538,0.10259478923095909
2010-02-09,7.991028370520599,0.07550037467550053
2010-02-10,166.15375955600774,2.0877151301622057
2010-02-11,68.42512654299215,0.8628465875032096
2010-02-12,86.37208326070318,1.0415866364187443
2010-02-13,39.554602182598764,0.4507274932551501
2010-02-14,43.87332326248893,0.5185946521493955
2010-02-15,29.687773054442967,0.33505532302198016
2010-02-16,24.06540024775359,0.26776728047997234
2010-02-17,47.002720902678746,0.5515343215395073
2010-02-18,256.68697068664756,3.240696831581222
2010-02-19,63.84461059104918,0.7657149110234152
2010-02-20,45.964551649102866,0.4554800836229449
2010-02-21,112.88435655884962,1.3927269160832068
2010-02-22,182.2230779929397,2.280544445888852
2010-02-23,54.008245682795895,0.6049721118519414
2010-02-24,33.729187670748466,0.33266086005547923
2010-02-25,19.202698227769606,0.18929090195865142
2010-02-26,44.19493225165209,0.5384002577781818
2010-02-27,79.3280938085208,1.0198134895664772
2010-02-28,101.2858223255155,1.3002497916106166
2010-03-01,236.0522470213247,2.8309264432146786
2010-03-02,61.427338380752275,0.6741376067060333
2010-03-03,40.98184466176909,0.373800069475753
2010-03-04,20.66336387976785,0.1917475625018144
2010-03-05,13.474317806134401,0.11975336783639363
2010-03-06,9.742128238723112,0.07966052485120742
2010-03-07,7.527463831124474,0.05559877839322182
2010-03-08,6.117619148554423,0.04045318664119793
2010-03-09,5.46108120579275,0.033814004338667235
2010-03-10,4.754717236593294,0.026483862738406333
2010-03-11,4.354432584536349,0.022654352148856027
2010-03-12,4.127781508902426,0.020841599269888215
2010-03-13,3.861045542545918,0.018533636816191128
2010-03-14,3.702375288292035,0.01753488843473561
2010-03-15,3.530875246770318,0.016266587347370225
2010-03-16,3.292476478309111,0.014213447401816381
2010-03-17,3.1309132339118135,0.01300831581853566
2010-03-18,3.035800420061944,0.01257734472582791
2010-03-19,2.9154438402396807,0.011865523859985662
2010-03-20,2.8207444355273052,0.011390787427784942
2010-03-21,327.8401672342301,3.8911632942254224
2010-03-22,123.82483253391746,1.469728393270774
2010-03-23,131.87311167446367,1.4910800979581016
2010-03-24,46.10212161281526,0.4937504983522852
2010-03-25,27.70667921355544,0.2707294709251935
2010-03-26,15.650274047210736,0.15203345372051105
2010-03-27,10.006448732229842,0.09215786488670914
2010-03-28,6.998912426712899,0.05897582694454123
2010-03-29,5.319170931297036,0.040630643463870214
2010-03-30,4.338835192119211,0.030056934566060414
2010-03-31,3.5472000614551824,0.0215691386796451
2010-04-01,3.072483938756668,0.12918960211288452
2010-04-02,2.7664529992439095,0.11394782065256576
2010-04-03,2.57220536155091,0.08915435585220192
2010-04-04,2.419067690815262,0.05898538067539095
2010-04-05,2.5021537291936307,0.13062193662710744
2010-04-06,2.278283724573924,0.06604792773518908
2010-04-07,2.164159376859928,0.03461041481978587
2010-04-08,2.0682674305151383,0.01898304711897108
2010-04-09,1.9947746858727229,0.012679181060795188
2010-04-10,1.9308582605726632,0.00985815022487245
2010-04-11,1.8716334514885562,0.008466646778938965
2010-04-12,1.8153251309136489,0.007704351860638246
2010-04-13,2.072296159076777,0.1432706806824734
2010-04-14,1.8101096610127603,0.06472634529909581
2010-04-15,1.781785366968019,0.06388714715827506
2010-04-16,1.6623866247115444,0.03426598777646045
2010-04-17,1.5885106814828789,0.01999899506445701
2010-04-18,1.672309527637409,0.07316638436232535
2010-04-19,1.5252119613055832,0.033527574576067726
2010-04-20,1.485754770648784,0.03618984749732617
2010-04-21,1.4162969332416282,0.022713934961681257
2010-04-22,1.3605795958539115,0.014174739519377701
2010-04-23,1.372780176439422,0.035686117195227345
2010-04-24,1.2975698265075646,0.022117307605315148
2010-04-25,1.2565477003802588,0.018352901624044942
2010-04-26,1.2210402566028333,0.01912822300670332
2010-04-27,1.1685982713475758,0.011046018989336298
2010-04-28,1.1289344550545064,0.007255229388454047
2010-04-29,1.0920075792487078,0.005534903760666383
2010-04-30,1.0582180694427692,0.004722581283093364
2010-05-01,1.0283396940225704,0.004353544445417698
2010-05-02,1.0846491152349074,0.007954827905952202
2010-05-03,1.0288603915774555,0.006936009469367395
2010-05-04,0.9697959964609424,0.0055381007462154104
2010-05-05,0.9248113750310973,0.004404564103737898
2010-05-06,0.891527844407089,0.003939777121287435
2010-05-07,0.8613627227685723,0.003608527766775037
2010-05-08,0.8344208204002364,0.003396239545708219
2010-05-09,0.8530824350072429,0.005329550103695089
2010-05-10,1.1150193059772169,0.019484361237297347
2010-05-11,0.9358442991293761,0.01278832873463882
2010-05-12,0.8148859433995973,0.00712126109759721
2010-05-13,0.7510588613967962,0.004680062899501362
2010-05-14,0.7102661495425846,0.0035749489271707786
2010-05-15,0.6825118315637313,0.0030434518709382386
2010-05-16,0.6602644404580124,0.0027696446977708957
2010-05-17,0.6874876270926824,0.004801331100485898
2010-05-18,0.8657042572289214,0.015170139433740256
2010-05-19,0.7002536073969988,0.008220407633694173
2010-05-20,0.6364328456024653,0.0050260974644882155
2010-05-21,0.5899038614162425,0.003478352734811468
2010-05-22,0.5598274987552759,0.0027336264280950983
2010-05-23,0.5389060723508196,0.0023704377641848547
2010-05-24,0.5215577174146564,0.002175563136739591
2010-05-25,0.5059354355263486,0.0020562688738661114
2010-05-26,0.49851712393540143,0.0024032927195700164
2010-05-27,0.4806036060820665,0.0021580885359577607
2010-05-28,0.46529159656670976,0.0019657732764789657
2010-05-29,0.45119793561168664,0.0018458031999687638
2010-05-30,0.4377064808330321,0.0017618229918616613
2010-05-31,0.42504586339760114,0.00169731151250766
2010-06-01,0.4134417297264572,0.0016585876302943555
2010-06-02,0.40145620501224627,0.0016051523912741872
2010-06-03,0.4347274039686309,0.0033151886779977328
2010-06-04,0.4025120263537311,0.0025463299576414977
2010-06-05,0.3788645037146234,0.0019434735039564207
2010-06-06,0.36396898247796333,0.0016795113074441557
2010-06-07,0.3504363961590282,0.0015104812437231607
2010-06-08,0.3393626554291525,0.00140576400844174
2010-06-09,0.3293806941335918,0.00134506396003068
2010-06-10,0.31968408663462633,0.0012891772789720452
2010-06-11,0.31091131297790686,0.0012439537536182812
2010-06-12,0.3020186956889211,0.001202642428786354
2010-06-13,0.2935957137162173,0.001165883128424074
2010-06-14,0.28555688321955225,0.0011321581933179837
2010-06-15,0.2841577537248717,0.0013284300523563868
2010-06-16,0.27435715323195187,0.0012577080374535053
2010-06-17,0.2654192612142132,0.0011541153726001654
2010-06-18,0.2568994456333257,0.001074824248066608
2010-06-19,0.25115179395042714,0.0010703327926030167
2010-06-20,0.243058389541129,0.001015554869193186
2010-06-21,0.23607771156457502,0.0009666572964445227
2010-06-22,0.2291097987996051,0.0009244002639295663
2010-06-23,0.22433345553846906,0.0009488651927801324
2010-06-24,0.21812150746719045,0.0009295564992291024
2010-06-25,0.28396202195523806,0.0037416917043418155
2010-06-26,0.23844906722047926,0.0023498924682731105
2010-06-27,0.2188511200438959,0.0016380777676678257
2010-06-28,0.20338716581770297,0.0012115573749620382
2010-06-29,0.193873155693323,0.0010102042497431923
2010-06-30,0.1861518391227042,0.0008694491151379378
2010-07-01,0.18059959605714984,0.00078645545556414
2010-07-02,0.1753786369425876,0.0007319868459752987
2010-07-03,0.1705339730112411,0.0006946717121885934
2010-07-04,0.16586104138132463,0.0006662746481011442
2010-07-05,0.161380069076293,0.0006431741706044547
2010-07-06,0.15717506826630676,0.0006236375006008825
2010-07-07,0.15311045982229157,0.0006059780197504498
2010-07-08,0.15413283166954678,0.0006257379987815896
2010-07-09,0.14986154983290131,0.0006087696499461805
2010-07-10,0.14399614315000814,0.0005765694210451047
2010-07-11,0.17978274972858296,0.0008847801229253785
2010-07-12,0.15403601213870907,0.0006995148890529488
2010-07-13,0.14195007835742812,0.0006114649756313574
2010-07-14,0.14091775008959906,0.0006118358642890236
2010-07-15,0.13072364760045632,0.0005444111446535214
2010-07-16,0.12505047958899462,0.000509827191370699
2010-07-17,0.12089841858476566,0.00048705244006433233
2010-07-18,0.11698960364773764,0.0004671972693000702
2010-07-19,0.11406422005541114,0.0004540528825938358
2010-07-20,0.11185836693353526,0.00044595803186318607
2010-07-21,0.10878626925016371,0.00043245756061532036
2010-07-22,0.10558135691904584,0.0004186748027753306
2010-07-23,0.10132815389807215,0.0004015973677866501
2010-07-24,0.0947182004515742,0.0003761489781165702
2010-07-25,0.08825444763647813,0.0003564858848190358
2010-07-26,0.08124727915589663,0.00033199967206612425
2010-07-27,0.07898161434941431,0.00033952918456026766
2010-07-28,0.0789597898241877,0.00036815938211621964
2010-07-29,0.07388551376780775,0.0003686517626084922
2010-07-30,0.05685276245697757,0.0002706113686630869
2010-07-31,0.04557846233706214,0.00021031265067842614
2010-08-01,0.03799609464488996,0.00017022788114630304
2010-08-02,0.03303860496756547,0.0001441775415320349
2010-08-03,0.030045029052490315,0.00012835642226112777
2010-08-04,0.028269144055583464,0.00011889029617294875
2010-08-05,0.027324953963445465,0.00011365290564677019
2010-08-06,0.026594205960206632,0.0001097827609845204
2010-08-07,0.026068393295826806,0.00010705535556856195
2010-08-08,0.025694943685292376,0.00010512882300303584
2010-08-09,0.025417189823760615,0.00010369796290170356
2010-08-10,0.03010627488100453,0.00047000578863158843
2010-08-11,3.6803102322221384,0.3515043955850086
2010-08-12,1.2624481110204637,0.11680298502399554
2010-08-13,1.1613877685669598,0.05368876595801058
2010-08-14,0.7357679637802168,0.022922767426603936
2010-08-15,0.46684595000148715,0.010338812092722654
2010-08-16,0.35763952754554934,0.005380647152196884
2010-08-17,0.3114445759988786,0.0031736749026827454
2010-08-18,0.2896520611064331,0.0021248487395958333
2010-08-19,0.27637094102145304,0.0015986655942527136
2010-08-20,0.2664896850015435,0.0013227337760155352
2010-08-21,0.26696631795090797,0.0019735845967723833
2010-08-22,0.2541351573544698,0.0015253310268533284
2010-08-23,0.24499683391940916,0.0012376352952392048
2010-08-24,0.23749738485079863,0.0010843482654391363
2010-08-25,0.23186848716844446,0.001050850304552162
2010-08-26,0.23020717353423703,0.0012645248920477323
2010-08-27,0.28098624312784776,0.0074839084621250865
2010-08-28,0.2430607100899677,0.004900960549157863
2010-08-29,0.22431621968098542,0.0030423507645997833
2010-08-30,0.22902271775504934,0.003475892141585005
2010-08-31,0.21905579075901938,0.0033858891226005157
2010-09-01,0.20271023172113872,0.002252741842884821
2010-09-02,0.19211171054753906,0.001562582429548844
2010-09-03,0.1837603409485267,0.0011635713211449086
2010-09-04,0.17825388646047247,0.0009564923613970274
2010-09-05,0.1752988914356124,0.0009021842482991729
2010-09-06,0.17081112777600294,0.0008161379426635994
2010-09-07,0.17225235226019228,0.0009138305167156887
2010-09-08,0.183155785729992,0.0012205213017936697
2010-09-09,0.16756666143697183,0.0009655698501830013
2010-09-10,0.15840704092840033,0.0008233069089067329
2010-09-11,0.15058363790305898,0.0007155792109529721
2010-09-12,0.14443399261541107,0.0006431120054571644
2010-09-13,0.13949375086335566,0.0005957436548572219
2010-09-14,0.1353310466403751,0.0005636675166891225
2010-09-15,0.1315601464321477,0.0005400247869771194
2010-09-16,0.12815799419124552,0.0005216274351720967
2010-09-17,0.124998066749891,0.0005062738218006191
2010-09-18,0.12190763210096363,0.0004923066635919707
2010-09-19,0.11866147403363778,0.0004778475148064061
2010-09-20,4.5840560896539,0.1035299779357255
2010-09-21,7.649438315393454,0.17774668499739665
2010-09-22,3.240251399888265,0.07058590349423732
2010-09-23,2.4310002286244456,0.04564373597343879
2010-09-24,1.338112909839669,0.020706464898677893
2010-09-25,0.9724401817385925,0.011443447180650008
2010-09-26,4.0420766693472245,0.08422481599514776
2010-09-27,2.8809656396183243,0.05577145308359788
2010-09-28,1.812373233360267,0.02883982821084255
2010-09-29,1.315957878461965,0.01804752356343622
2010-09-30,20.713380319866562,0.4910625540169109
2010-10-01,14.67377494405013,0.8444582212226114
2010-10-02,8.018285893957144,0.47563280140464526
2010-10-03,4.340800515996822,0.2339108836501396
2010-10-04,2.560252803163335,0.11553663207184113
2010-10-05,1.7219889539926327,0.05939131102157915
2010-10-06,1.3039629455214026,0.03165554261470809
2010-10-07,1.0837684415750122,0.017555154522658697
2010-10-08,0.9618256602056207,0.010317388214965867
2010-10-09,0.8894117610786914,0.006607272374484952
2010-10-10,0.8422186584044662,0.004689136797473453
2010-10-11,0.825216080523385,0.005057075914496081
2010-10-12,0.8309049729473127,0.00787335756330099
2010-10-13,1.1545045066297226,0.03620281309535844
2010-10-14,0.8873250973811897,0.01934446555578837
2010-10-15,0.850841248944263,0.01572024607862106
2010-10-16,0.840548250919234,0.016209925890714374
2010-10-17,0.7238825843905514,0.008478462753885337
2010-10-18,0.6743912196707466,0.00514593761276099
2010-10-19,0.6401967196172518,0.0035141436802773665
2010-10-20,0.6161347823600055,0.0027517943480784195
2010-10-21,0.8268431829985482,0.020843791691632134
2010-10-22,0.8014067409357786,0.022326942698528206
2010-10-23,0.6548399823596114,0.011696617135002684
2010-10-24,0.5873155599807873,0.006518268888227003
2010-10-25,0.5457716639439697,0.00395778099294898
2010-10-26,0.5198810506844599,0.0027663078803460894
2010-10-27,0.5010733684910524,0.0022088979458594763
2010-10-28,0.48533884072250466,0.0019337066800332598
2010-10-29,0.470946197420935,0.0017831617552697225
2010-10-30,0.4572421258570488,0.0016884021653447623
2010-10-31,0.44435291669533367,0.0016208108428254861
2010-11-01,0.43227892587567224,0.0015721565515727592
2010-11-02,0.4761017009510898,0.002273030781237402
2010-11-03,0.42960064357980027,0.0017700869112494794
2010-11-04,0.5526627703569847,0.003584812232049555
2010-11-05,0.625630197540677,0.0047676313372058505
2010-11-06,0.47404526273144043,0.002803357793200631
2010-11-07,0.41285162535496117,0.002008449985024814
2010-11-08,0.7036046993448856,0.006189638051301708
2010-11-09,0.5236758548723531,0.0039325956270347805
2010-11-10,0.629955850629871,0.005399701996708003
2010-11-11,0.7573144753698386,0.007446436355929713
2010-11-12,0.5613513659738439,0.004628794811030459
2010-11-13,1.5828013941478902,0.020459505183159435
2010-11-14,0.8035695905304909,0.008432587948117739
2010-11-15,4.17747660338567,0.061974749371450255
2010-11-16,8.919757104741914,0.13300403942312372
2010-11-17,4.258197004046754,0.05936970448375796
2010-11-18,2.491298767369516,0.02920400572195396
2010-11-19,11.686940624235072,0.16688203978628552
2010-11-20,100.74604052302182,1.477839762681739
2010-11-21,102.94225121175596,1.5150086002735073
2010-11-22,94.83083452166355,1.3115693074787378
2010-11-23,72.38860456524021,1.0048452088943636
2010-11-24,82.51662230676628,1.1762153802294113
2010-11-25,36.070731290881724,0.4872918533550078
2010-11-26,22.584297744219676,0.2784584923329948
2010-11-27,13.721649666632294,0.16195942408006392
2010-11-28,8.948371575181428,0.09809187241695753
2010-11-29,6.449486076192255,0.06447971579692216
2010-11-30,38.394069173328624,0.5535025615623834
2010-12-01,178.09223999385807,2.3263023355146153
2010-12-02,52.62636046233229,0.652792251151628
2010-12-03,377.6594169002809,4.889616534636438
2010-12-04,76.84171262951335,0.9727683830080701
2010-12-05,50.08190548733751,0.498085217094828
2010-12-06,24.292011680252255,0.2574177847397209
2010-12-07,55.843847867696624,0.6719564307314156
2010-12-08,34.01186322197025,0.40248711686345107
2010-12-09,23.658234605548333,0.26003972285916943
2010-12-10,16.024668211470807,0.16685957618230127
2010-12-11,11.237986570286873,0.10898308567853243
2010-12-12,8.648732009624483,0.0778852121916893
2010-12-13,13.917244293777273,0.1457918808013975
2010-12-14,13.06281525502597,0.13676006943684513
2010-12-15,10.922643448736014,0.10386686433483773
2010-12-16,7.9927096487597264,0.06956590221692263
2010-12-17,6.051985975965244,0.04731789917394342
2010-12-18,4.823794461931157,0.03340819500069773
2010-12-19,4.114730966876777,0.0256458543237742
2010-12-20,4.596098614064893,0.030309980944458033
2010-12-21,9.213698412020905,0.08791782903766451
2010-12-22,9.064959873651315,0.08960811137679364
2010-12-23,9.84425887011366,0.0950830520545707
2010-12-24,90.9878192035917,1.121625314702808
2010-12-25,183.5179319434651,2.3618950616643577
2010-12-26,516.5734864687664,6.631043445586826
2010-12-27,131.28706769869834,1.5925581947739627
2010-12-28,138.26891058702984,1.6043099988712404
2010-12-29,52.979036821292226,0.6145509623291232
2010-12-30,169.63152802520383,2.159972567723351
2010-12-31,49.38113276908809,0.604011847443786
2011-01-01,33.576139331880185,0.45503875612248756
2011-01-02,18.84539638260099,0.2777418296865636
2011-01-03,39.285871533854134,0.6864731080858811
2011-01-04,35.86421392126464,0.6136621045628954
2011-01-05,40.486689963350216,0.6186803508602592
2011-01-06,35.34199850218668,0.5710418225165642
2011-01-07,76.79634349023368,1.4015261059606943
2011-01-08,36.69760285374948,0.6684783477375947
2011-01-09,25.040744608090996,0.41448666653227295
2011-01-10,16.79233697570121,0.26061771805732586
2011-01-11,11.85117511254907,0.1680514477904744
2011-01-12,8.943636214845126,0.11359269792328652
2011-01-13,11.435292011670425,0.17638053021029104
2011-01-14,12.207373278654375,0.19398567042089804
2011-01-15,10.868150084862366,0.16344597687123597
2011-01-16,8.589397495609251,0.11587802915576752
2011-01-17,6.652728496238271,0.07801153259338661
2011-01-18,5.346885681116811,0.05365909723526777
2011-01-19,19.3588223877093,0.2433776518511029
2011-01-20,15.113605316462973,0.2072290695556894
2011-01-21,15.854353495015422,0.1876332712430052
2011-01-22,10.14518248622495,0.11452288794607296
2011-01-23,7.141076021677336,0.07354192199033384
2011-01-24,5.3969523997027835,0.04886015815730957
2011-01-25,4.342594000396589,0.034022249559844744
2011-01-26,3.6655833096585533,0.024797758211915367
2011-01-27,3.2256869256111917,0.01902574375085424
2011-01-28,2.928842958062157,0.015363226309233029
2011-01-29,2.7212389299458244,0.013020797948504128
2011-01-30,2.571639833354223,0.01154660016574555
2011-01-31,128.8336112433106,2.4884016572140735
2011-02-01,48.90079886259592,0.7284197513992806
2011-02-02,37.19239400099722,0.39123594837531994
2011-02-03,111.5219060531273,1.3585128600067087
2011-02-04,45.68829809756076,0.5438309549042597
2011-02-05,30.76856759646543,0.32293463917636883
2011-02-06,38.28108505345231,0.4538448452804777
2011-02-07,27.167618299690133,0.3156421963147916
2011-02-08,21.044642346659796,0.21816241953971532
2011-02-09,13.404160698307907,0.13301716957565451
2011-02-10,9.254877424894325,0.0861935758399562
2011-02-11,33.81655188600747,0.4106589892653567
2011-02-12,28.300523326789726,0.33743559576071186
2011-02-13,28.653827202423056,0.3323076465673558
2011-02-14,22.380340508638362,0.2548376386146144
2011-02-15,17.24937591892485,0.18843668824177312
2011-02-16,25.450261727312,0.29285880213419563
2011-02-17,22.209316882757932,0.25242762901502397
2011-02-18,16.883648194263003,0.17758483892243138
2011-02-19,11.882009306502624,0.11723352767171138
2011-02-20,10.192590781139387,0.09876983457469207
2011-02-21,7.901507713036216,0.07112330709160058
2011-02-22,5.987114626465995,0.048270080601085834
2011-02-23,9.52318601378895,0.09248329442577018
2011-02-24,9.447041997520689,0.09331542466561413
2011-02-25,7.341672914490261,0.06768498886652129
2011-02-26,5.578657316133047,0.04623296734198953
2011-02-27,4.418399631667628,0.03236860122257211
2011-02-28,3.6524145286226783,0.023400758299032043
2011-03-01,6.514333749077808,0.04507087646287702
2011-03-02,5.90707150807109,0.03984973788890507
2011-03-03,4.723217333903503,0.029457573045781983
2011-03-04,3.8816600369375163,0.022301453057111478
2011-03-05,3.3587926930803285,0.01808689968855109
2011-03-06,2.9121954638111522,0.014554929199103601
2011-03-07,7.615159563544777,0.053515395356603664
2011-03-08,8.617515176337141,0.06181878075474583
2011-03-09,8.26144603184668,0.059285214263994336
2011-03-10,6.179524899566096,0.042042707348308374
2011-03-11,4.494487797203464,0.028207708965500136
2011-03-12,7.802979087279444,0.05682214719030828
2011-03-13,26.44946115036563,0.21420209206959243
2011-03-14,170.18004806321474,1.4522629418443436
2011-03-15,507.90022391607306,4.341937546596611
2011-03-16,123.76149212761788,1.0233095305360753
2011-03-17,66.9869247097911,0.45607305185086316
2011-03-18,27.504806211903638,0.19419204785213504
2011-03-19,15.558367006942486,0.1100323364978519
2011-03-20,13.7757884871596,0.1005667502534141
2011-03-21,17.419801340086405,0.13358459285313376
2011-03-22,16.47305367595644,0.12755090259014465
2011-03-23,20.777693354409273,0.16351531054113358
2011-03-24,16.519595566252256,0.12662360849624457
2011-03-25,118.47998711142458,1.0267918709690549
2011-03-26,128.22401384287494,1.0968177243086366
2011-03-27,42.79876021731724,0.34672151871745593
2011-03-28,39.94465909062764,0.3131785472694545
2011-03-29,94.42283733435339,0.7902257590493978
2011-03-30,162.53171884706904,1.363557818698476
2011-03-31,342.11551867206344,2.9061647604651766
2011-04-01,86.35779756113793,0.7310307739475137
2011-04-02,194.5411712450087,1.8461099305317192
2011-04-03,61.16584409143762,0.5522794158243414
2011-04-04,59.45909574440319,0.5288201916982869
2011-04-05,34.50006932433435,0.3034992870147326
2011-04-06,24.000693459857608,0.20028913196453027
2011-04-07,16.25383814087964,0.1300341122366164
2011-04-08,11.857769301186496,0.08952273256026493
2011-04-09,8.795812438927387,0.060959610923397266
2011-04-10,7.014220994991792,0.04458925603813482
2011-04-11,5.766650630165,0.03327994084442628
2011-04-12,4.970166948875333,0.02622170470683085
2011-04-13,4.433034256073406,0.021647503843719
2011-04-14,4.055342271802847,0.018590421463682803
2011-04-15,3.7840371627135108,0.016544213970606216
2011-04-16,3.578358149155735,0.015125062042869168
2011-04-17,3.4153244985419433,0.014107553635658746
2011-04-18,3.397456920117935,0.014507971878716254
2011-04-19,3.5773213405466535,0.016711018561478715
2011-04-20,3.175697237732763,0.013439700981480318
2011-04-21,3.022271380595784,0.012335570116917301
2011-04-22,2.885657368230079,0.011586113026434905
2011-04-23,2.7831293058287265,0.011101393104783799
2011-04-24,2.7041514472108465,0.010795597053268918
2011-04-25,2.6164026711165875,0.010414866544651217
2011-04-26,2.548143673809233,0.010188711867905369
2011-04-27,2.48775251745926,0.010051854552680404
2011-04-28,2.4037246289415752,0.009664422503805526
2011-04-29,2.3274826543550677,0.009321855962550868
2011-04-30,2.2499327164646186,0.008966701103246705
2011-05-01,2.181165548679285,0.008673521786892537
2011-05-02,2.114711719910289,0.008400371635449813
2011-05-03,2.053565359182107,0.008241018509714237
2011-05-04,1.9909829266019194,0.00795277601175838
2011-05-05,1.9317439563890015,0.007688618464748103
2011-05-06,1.8741576832648499,0.007446430812734741
2011-05-07,1.8669146307299478,0.010014837659713163
2011-05-08,1.790630876703673,0.008843240806609098
2011-05-09,1.788605621992433,0.011216411486947839
2011-05-10,1.6882228630983664,0.0086359442990211
2011-05-11,1.6239900434674328,0.0072091626544150845
2011-05-12,1.5702130797249767,0.006577518776669515
2011-05-13,1.5196921882283456,0.0061738071964222456
2011-05-14,1.4737260844504096,0.005903881524715869
2011-05-15,1.4295414819923558,0.005692970042437667
2011-05-16,1.3886962595612033,0.0056235052242264464
2011-05-17,1.3579402562580354,0.006291881333466311
2011-05-18,1.311802911265583,0.005715247447306638
2011-05-19,1.2867706510787815,0.006419888843065909
2011-05-20,1.2722981523815544,0.007203137561256541
2011-05-21,1.254181089990871,0.008307152004946637
2011-05-22,1.1869463933380686,0.006653403572951252
2011-05-23,1.288562360676803,0.013348006120001135
2011-05-24,1.5062852868142715,0.027172610602534248
2011-05-25,1.2079051121597846,0.014972676547160035
2011-05-26,1.098694168246712,0.009281095155645487
2011-05-27,1.0224653343920314,0.006052710639583314
2011-05-28,0.976682238529873,0.00466684405819827
2011-05-29,0.9427732053159796,0.004055690563617271
2011-05-30,0.9144815479637447,0.003788891552770403
2011-05-31,0.8867196459426242,0.0035915120122249028
2011-06-01,0.8606792732116362,0.0034446871949912077
2011-06-02,0.8351911771325049,0.003323352538825554
2011-06-03,0.8111921618518321,0.0032575001022656456
2011-06-04,0.7885196074952174,0.0031987215664002365
2011-06-05,0.7651793386919589,0.003078763041121339
2011-06-06,0.784157505430124,0.004965865138294286
2011-06-07,0.744715474181239,0.004260951215002628
2011-06-08,0.7092363434552078,0.003386854855191382
2011-06-09,0.6837841520795446,0.002968955732814746
2011-06-10,0.6619118398367949,0.0027735260052110986
2011-06-11,1.0106833530312658,0.02177178867993097
2011-06-12,1.070476377830877,0.02842291110759507
2011-06-13,0.7871964584521541,0.014208018590960011
2011-06-14,0.6734287704704974,0.007756461063240814
2011-06-15,0.6030233910313006,0.004684821595329666
2011-06-16,0.5649965228127561,0.003282587763749247
2011-06-17,0.5424995128051165,0.002676598936823432
2011-06-18,0.5236662938608864,0.0023332197759005336
2011-06-19,0.5082219439011483,0.0021730932921863256
2011-06-20,0.49279607759989413,0.00203605042410414
2011-06-21,0.479672851688717,0.0019847621277116257
2011-06-22,0.4651760737843624,0.0018953921391779585
2011-06-23,0.4517376868713405,0.0018170207350395513
2011-06-24,0.43853647887114905,0.0017495699465868457
2011-06-25,0.42591628781485336,0.0016915164781055837
2011-06-26,0.42905849182751776,0.0025362906445821915
2011-06-27,0.41198678080633244,0.0022478278692349843
2011-06-28,0.4430560136135619,0.004109179034458237
2011-06-29,0.49170770355942583,0.007661840862303734
2011-06-30,0.47992303483554544,0.008134199722558908
2011-07-01,0.4106191308989498,0.004858538060412022
2011-07-02,0.37539217999126595,0.0031411619964611098
2011-07-03,0.3750872879094991,0.0028450597493286434
2011-07-04,0.3476589304023937,0.0021601993519354675
2011-07-05,0.3306125238096296,0.0017339473789078222
2011-07-06,0.3163437046344009,0.0014704046423008542
2011-07-07,0.34758908083330226,0.002288507161921549
2011-07-08,0.3117578534198146,0.0017093600570086713
2011-07-09,0.2931710415035842,0.0013906129438113765
2011-07-10,0.2820536258960315,0.001244553167019082
2011-07-11,0.27210918850321075,0.0011435911415012708
2011-07-12,0.26392101755887676,0.0010771897410763005
2011-07-13,0.2562410598190514,0.0010287387117116295
2011-07-14,0.24900101204182692,0.0009909806380755982
2011-07-15,0.24219571197944048,0.0009595647113034673
2011-07-16,0.3129202947402607,0.002913914310006331
2011-07-17,0.28047724108201966,0.0025172564433938558
2011-07-18,0.2551295961183146,0.0018787834997056362
2011-07-19,0.23448917853800494,0.0014185009014922466
2011-07-20,0.21970357332592744,0.0011436993482626119
2011-07-21,0.20948006579215278,0.0009761247771433705
2011-07-22,0.20186306795033454,0.0008756785560761422
2011-07-23,0.19536148998922367,0.0008120201950528575
2011-07-24,0.18963771317571038,0.0007693274167986119
2011-07-25,0.18438864172228364,0.0007380513759585602
2011-07-26,0.17942072410649423,0.0007128854347066198
2011-07-27,0.17585846699867233,0.0007161936435072239
2011-07-28,0.16951212197551277,0.0006903848143259128
2011-07-29,0.16388782976186506,0.0006933844222452193
2011-07-30,0.15613798896293152,0.0006551205246234504
2011-07-31,0.148614403644981,0.000617593095587494
2011-08-01,0.14112184210481107,0.0005840411384419001
2011-08-02,0.13385706355843033,0.0005547097906990836
2011-08-03,0.12682492116772015,0.000528423312985075
2011-08-04,0.13135189982228082,0.0008073312500831967
2011-08-05,0.1534513593275421,0.0018416062103084867
2011-08-06,0.14310079058414082,0.0017913771621558391
2011-08-07,0.12232036878891009,0.0012768339893325289
2011-08-08,0.1079746163724899,0.0009322282672549891
2011-08-09,0.09561571392054961,0.0006999357287636594
2011-08-10,0.08565430955580035,0.0005507364805970231
2011-08-11,0.07725825236814203,0.0004525517499672874
2011-08-12,0.06908441589635334,0.0003809500747189412
2011-08-13,0.06253165848986529,0.000330158533256999
2011-08-14,0.057570823738495654,0.0002941541422740795
2011-08-15,0.05262237517625719,0.00026231541024901493
2011-08-16,0.047151806405072876,0.0002299883966671325
2011-08-17,0.04204554162314221,0.000200433559542222
2011-08-18,0.03855850502660653,0.00018844438060793318
2011-08-19,0.03451425086760805,0.00016666916515092827
2011-08-20,0.03169475216162028,0.0001489515329809728
2011-08-21,0.029804191097686828,0.00013587812595856395
2011-08-22,0.02863454624504512,0.00012709186125714985
2011-08-23,0.02983072298950327,0.00016618882527200647
2011-08-24,0.030413650662715654,0.0002002970831275866
2011-08-25,0.02863631576213965,0.00016580963493956666
2011-08-26,0.04466162070055979,0.0005945858465097128
2011-08-27,0.052124607756114764,0.0008944575663878538
2011-08-28,0.06658791549648771,0.0015653781426865569
2011-08-29,0.4409694248525993,0.01461765409434916
2011-08-30,0.23348974793543373,0.007818127840312241
2011-08-31,0.20324117807215605,0.006771783327063822
2011-09-01,0.12043915569210797,0.004036004557413339
2011-09-02,0.07806020710868443,0.002313755726329699
2011-09-03,0.06373359440243663,0.0029471979228411784
2011-09-04,0.04831863251091107,0.003089963085719271
2011-09-05,0.038376229882697045,0.0016622601846540417
2011-09-06,0.03729351171800391,0.002958127694359616
2011-09-07,0.03183676544606971,0.001253844798496225
2011-09-08,0.02846063067122726,0.0008098315684316559
2011-09-09,0.026565110519684666,0.0005667875642870597
2011-09-10,0.02531021152550753,0.000406075602697245
2011-09-11,0.024535525707449907,0.0003004953497430954
2011-09-12,0.024039021286857656,0.00023088795773075594
2011-09-13,0.02362350998471806,0.00018442039452368743
2011-09-14,0.023355999296780845,0.00015368994067308572
2011-09-15,0.023042311773484297,0.00013267999115863804
2011-09-16,0.022803396296149393,0.0001185801719498907
2011-09-17,0.022598727227335906,0.0001089738417323176
2011-09-18,0.0224533585834627,0.00010249509781735505
2011-09-19,0.022262676375588666,9.774766669299568e-05
2011-09-20,0.022042084912583672,9.418757335140834e-05
2011-09-21,0.021812896532974607,9.140156433328202e-05
2011-09-22,0.02158956986292336,8.91233206888106e-05
2011-09-23,0.02138567775536741,8.744541335537287e-05
2011-09-24,0.021232856704765338,8.62465774011704e-05
2011-09-25,0.02106441814303064,8.515210518992315e-05
2011-09-26,0.020893726862664122,8.416398875160857e-05
2011-09-27,0.02043497527015375,8.173972117813935e-05
2011-09-28,0.019967573970283644,7.925886114540992e-05
2011-09-29,0.01958159467736492,7.720863995757995e-05
2011-09-30,0.01932118244275768,7.578490566991335e-05
2011-10-01,0.024749402174464193,0.0002046706568313315
2011-10-02,0.019980812829462274,9.044845284030272e-05
2011-10-03,0.01936338761972314,8.019249492414066e-05
2011-10-04,0.01904057141832527,7.694024753606896e-05
2011-10-05,0.01884206270153575,7.49381598351437e-05
2011-10-06,0.018769816015936983,7.38725632565367e-05
2011-10-07,0.01854391437683581,7.248693934242728e-05
2011-10-08,0.01838228314756831,7.154994844981924e-05
2011-10-09,0.018226888567797445,7.074977381542849e-05
2011-10-10,0.01821819656969986,7.060944762153828e-05
2011-10-11,0.01814895937076784,7.025444822147062e-05
2011-10-12,0.023820142110202683,0.00021068069817220742
2011-10-13,0.019221661662085953,9.362326121033806e-05
2011-10-14,0.12367773710663801,0.0024991046604945187
2011-10-15,0.07941578408097683,0.0013905852825784088
2011-10-16,0.058486903155108454,0.000838625282620691
2011-10-17,0.042653178688185675,0.0005210376965598349
2011-10-18,0.491303057761571,0.011947626300514524
2011-10-19,0.23993991654623487,0.00551427610748747
2011-10-20,0.14097583290117782,0.002669135475809469
2011-10-21,0.09256633246710035,0.0016118132424055554
2011-10-22,0.05843797452488536,0.0008966146550984529
2011-10-23,0.05415041721304491,0.0009192888652736577
2011-10-24,0.045806987241457764,0.0007603435714298168
2011-10-25,0.03476090990976051,0.0004885389494498804
2011-10-26,0.028064179454012277,0.00032885576571509465
2011-10-27,0.023985737557105802,0.0002340680387223513
2011-10-28,0.021820568693914476,0.00018282719903642492
2011-10-29,0.019957569008334487,0.00014062202004763044
2011-10-30,0.01889346520798396,0.00011598432692611166
2011-10-31,0.018219445578014668,9.977487440359327e-05
2011-11-01,0.018580716823084556,9.453127179791857e-05
2011-11-02,0.029366931318299927,0.00017288088375990202
2011-11-03,0.022286195267418082,0.00011047809117249399
2011-11-04,0.02025699407167336,9.458068090047158e-05
2011-11-05,0.019035321819911164,8.439427408706716e-05
2011-11-06,0.018392189701113087,7.823831749089713e-05
2011-11-07,0.01781404076868427,7.352326162785021e-05
2011-11-08,0.01746615822648091,7.055631717192054e-05
2011-11-09,0.03852635119245,0.0002101647976289113
2011-11-10,0.046318319841164204,0.00024101022107460345
2011-11-11,0.039045646524085514,0.00019691444426662148
2011-11-12,0.03298638564437121,0.00015907448117929754
2011-11-13,0.027288925355969017,0.0001257377357820943
2011-11-14,0.02324171601855203,0.00010269694519784906
2011-11-15,0.02062975296493294,8.798046908753538e-05
2011-11-16,0.033209628514147216,0.00015482400119221974
2011-11-17,0.03210594612382664,0.00015038250172051728
2011-11-18,0.030913170897932125,0.00013927739815579166
2011-11-19,0.026643287775694503,0.00011580735766100907
2011-11-20,0.06713335674758499,0.0004043124880645673
2011-11-21,0.04724262486095907,0.00025650609432736627
2011-11-22,0.05739268891725262,0.0003454043959392743
2011-11-23,0.2264056298234147,0.0015122338062467846
2011-11-24,0.12535045784008417,0.0007639698218539634
2011-11-25,0.10398458625655137,0.0006192646299995399
2011-11-26,0.08137806353439203,0.0004880924664142169
2011-11-27,0.050265533160227256,0.0002788936834239906
2011-11-28,0.03490707188956864,0.00018246983561239288
2011-11-29,0.03254333860179399,0.00017191536972166054
2011-11-30,0.0400583905994808,0.00023101707449766563
2011-12-01,0.37372582208384775,0.006755766012592631
2011-12-02,0.2714479327838963,0.005326581433614558
2011-12-03,0.4101750525119428,0.008620999798005655
2011-12-04,0.19883936941425587,0.004131692289882965
2011-12-05,0.1857341197630629,0.0037966278550474702
2011-12-06,0.10613669982823722,0.0020184325131984643
2011-12-07,1.3730821617722277,0.025164628151910225
2011-12-08,0.5988304350523369,0.009400558029148435
2011-12-09,0.47646601907600716,0.005168555599129528
2011-12-10,0.33300869066097066,0.0028929770281533626
2011-12-11,5.191999728720285,0.10330518809127315
2011-12-12,2.5118151011102756,0.045522696581095444
2011-12-13,0.84530872483462,0.012627776917883178
2011-12-14,0.7920225555745167,0.010652372369583317
2011-12-15,0.5870628297857671,0.006101728117883856
2011-12-16,0.4710554028935994,0.003444134655118602
2011-12-17,0.5350860075273094,0.005085370644018805
2011-12-18,0.45436408582695037,0.0035852494548075987
2011-12-19,0.42310936763306506,0.003019985611339437
2011-12-20,0.3848953802735305,0.002253421944905529
2011-12-21,0.3619179323877619,0.001842851140132044
2011-12-22,0.34567831160451745,0.0016220504895672636
2011-12-23,0.3331170788928841,0.0014951110710021284
2011-12-24,0.32305419415862136,0.0014262762089632384
2011-12-25,0.32421262904211456,0.0014889607953439932
2011-12-26,0.3102783359211117,0.0013914775115643704
2011-12-27,0.3007745011164904,0.0013242216368808029
2011-12-28,0.672000461087663,0.009797004379360917
2011-12-29,11.400245632841337,0.2872879330955507
2011-12-30,8.132192140703141,0.1957502185497786
2011-12-31,3.696364880156212,0.06760786930783105
2012-01-01,1.8646436505798196,0.02552052794028218
2012-01-02,1.1211470128030507,0.011082085178252495
2012-01-03,0.8394992738713132,0.0058786111843531046
2012-01-04,0.7269521283677919,0.003851462944375703
2012-01-05,0.6733100719020818,0.0030038451647179452
2012-01-06,0.6424106414953422,0.002629069795904291
2012-01-07,0.6195312219787148,0.0024400885173640635
2012-01-08,0.6000573947523424,0.002325992969077938
2012-01-09,0.5821817247105677,0.0022420522963020263
2012-01-10,0.5650399662584671,0.0021701198707058844
2012-01-11,0.5486636985277645,0.002104723612943769
2012-01-12,0.772607309543123,0.005390249146583482
2012-01-13,0.8123462050824989,0.006164843237618927
2012-01-14,1.3387293497535944,0.013487094395166595
2012-01-15,5.5841076041885,0.0824059578989176
2012-01-16,9.324972352982199,0.14853609392235548
2012-01-17,4.556054019651752,0.07135235619833298
2012-01-18,2.536909247473753,0.03234393514593939
2012-01-19,1.6402869952361754,0.016700365361693986
2012-01-20,1.1202302045390082,0.009063738825510669
2012-01-21,0.9160290226979182,0.00572088064886409
2012-01-22,0.7764478053783828,0.0038671637448740607
2012-01-23,0.7601219489382272,0.0039022193742276213
2012-01-24,2.7861488359569138,0.046119695217333626
2012-01-25,1.7643453444182557,0.025050044118934547
2012-01-26,1.2680615869051155,0.01408049613454668
2012-01-27,2.73735355441663,0.02655248974568509
2012-01-28,1.9072621110126902,0.01589241498632238
2012-01-29,14.542190584216062,0.1992730767563292
2012-01-30,14.010637792976569,0.17176674433222044
2012-01-31,18.984831947936307,0.2115116945319926
2012-02-01,13.906645910381219,0.12470942087049386
2012-02-02,34.68451771829583,0.32456092737038217
2012-02-03,128.9346729438975,1.1741717121299158
2012-02-04,89.65303670650407,0.800196786397743
2012-02-05,39.709117977005356,0.33100904273286325
2012-02-06,24.516438347069144,0.18870854634342657
2012-02-07,13.496457611713852,0.10249702541669072
2012-02-08,8.786390928883769,0.06435070839841643
2012-02-09,6.01110382966522,0.04090591308415829
2012-02-10,4.353889917958401,0.02678372042388108
2012-02-11,3.460364137993672,0.019255451005427162
2012-02-12,2.9110146494670146,0.014689030744079037
2012-02-13,2.571744899115617,0.0119691701278372
2012-02-14,2.356231181377673,0.010325876499652787
2012-02-15,2.238226438919534,0.009560959380072159
2012-02-16,2.1286240444843325,0.008843621873447127
2012-02-17,2.029060353184048,0.008253999155024434
2012-02-18,1.9542026531020027,0.007862726280826425
2012-02-19,1.8892324383185288,0.00755986566198108
2012-02-20,1.8328962032965657,0.007325407674169225
2012-02-21,1.776021415421634,0.007085543434829569
2012-02-22,1.7402877529337235,0.0070134894789031605
2012-02-23,1.693614011149877,0.006854759648492099
2012-02-24,14.262902075127586,0.12519520875971082
2012-02-25,69.95442487289965,0.6517422866453795
2012-02-26,259.86836730896135,2.4370488244138264
2012-02-27,131.67945840467215,1.1913537997606813
2012-02-28,50.79824335269615,0.42193042915086404
2012-02-29,32.75562210718076,0.2674499089677624
2012-03-01,20.469310911568687,0.15524166062495864
2012-03-02,13.312317280317487,0.09516519935832397
2012-03-03,8.716819041752112,0.05858257894429734
2012-03-04,6.02568526773051,0.037654779349793985
2012-03-05,4.4444368982396005,0.025513550689796497
2012-03-06,3.524319337551098,0.018531915241756514
2012-03-07,3.2768060848736256,0.016916794116685185
2012-03-08,2.6454111707212893,0.012036917180075797
2012-03-09,2.3592852810360876,0.009970296723571638
2012-03-10,2.1835401592765584,0.008808112029954266
2012-03-11,2.0662850536061237,0.008107234612095664
2012-03-12,2.0389961873204507,0.00811090284913738
2012-03-13,1.9326382835004794,0.007515256181537321
2012-03-14,8.540714924075887,0.07140533286231326
2012-03-15,12.482553862243844,0.10112789634124433
2012-03-16,168.07648209127092,1.3897601042700187
2012-03-17,139.66629151543614,1.1516907548157829
2012-03-18,365.4644393293515,2.970378194954583
2012-03-19,373.95569180124636,2.998314007386571
2012-03-20,475.5167250659353,3.8093459084781007
2012-03-21,808.7922432559911,6.606564187234157
2012-03-22,127.42964437167068,0.9098095817304336
2012-03-23,67.41112465114742,0.4196113292827026
2012-03-24,79.12582058768751,0.6349677162474406
2012-03-25,36.33913148406553,0.27665542829929574
2012-03-26,27.530681254991176,0.20225802676714177
2012-03-27,20.376697002044022,0.14690337868149436
2012-03-28,14.344702967180845,0.09908688250003599
2012-03-29,10.229335776176066,0.0667031387939419
2012-03-30,7.594163901324628,0.04626489344775386
2012-03-31,5.930395606334967,0.03349119370869833
2012-04-01,4.865588367705492,0.2180538981668698
2012-04-02,4.174057150225482,0.19304721158303226
2012-04-03,3.710308993826212,0.13675756417873094
2012-04-04,3.3940209630898814,0.09042116353331799
2012-04-05,3.1689260385918923,0.058693492940818215
2012-04-06,3.0261891944852315,0.043356689379255804
2012-04-07,2.875651051263402,0.02771873878224956
2012-04-08,2.7628198707122182,0.01945325658261197
2012-04-09,2.666260622437439,0.014912794962497146
2012-04-10,2.5987854251348925,0.016863809485995893
2012-04-11,2.50659835568949,0.01340015500691679
2012-04-12,2.429215594262539,0.011401234519149749
2012-04-13,2.3551477179211058,0.010507313451741001
2012-04-14,2.296014646668117,0.01241335721907663
2012-04-15,2.2277587848496747,0.012133307828125951
2012-04-16,2.1664020203061756,0.014075294845122396
2012-04-17,2.1122376966152263,0.01484892529982104
2012-04-18,2.032220865378597,0.011001989771444525
2012-04-19,1.9664531196632449,0.008992193792362919
2012-04-20,1.9045024408105062,0.008011187735888704
2012-04-21,1.846134657584387,0.007490967379693112
2012-04-22,1.7907711363758845,0.007157989040019062
2012-04-23,1.7390140864741779,0.007171910021698231
2012-04-24,1.6866793292260371,0.006842479161741674
2012-04-25,1.6367766415222054,0.006549736090899424
2012-04-26,1.5881736847692345,0.006310416465808238
2012-04-27,1.541196879002312,0.006103889247545925
2012-04-28,2.0462090722637813,0.12119009549880236
2012-04-29,1.6221187105895971,0.05313707237708074
2012-04-30,1.5032982882144779,0.025577562558041642
2012-05-01,1.4512046427254552,0.014961717548651787
2012-05-02,1.3670747538165071,0.00947969336309636
2012-05-03,1.3074310917883203,0.0069324002295464504
2012-05-04,1.2575370805644317,0.005726708875133391
2012-05-05,1.2148403376039107,0.005128182890393495
2012-05-06,1.1779506403656779,0.004806380688807153
2012-05-07,1.142169130824056,0.004580538016349724
2012-05-08,1.1084362914569548,0.00440858518668958
2012-05-09,1.075480709561055,0.004260205521103698
2012-05-10,1.0437998787536182,0.004126556801346832
2012-05-11,1.0141715761418186,0.0040146509899570545
2012-05-12,1.0214765245132773,0.005007919583443528
2012-05-13,0.9736512426554916,0.004436481498414307
2012-05-14,0.9394742747258513,0.003988909904653164
2012-05-15,0.9059439495743649,0.0037082573109933374
2012-05-16,0.8755763368875622,0.0035142733131723137
2012-05-17,0.8507443268339503,0.003437987468073474
2012-05-18,0.8787857088807014,0.004464051746413966
2012-05-19,0.8140429421371821,0.003568858786349847
2012-05-20,0.7907291360374382,0.003386163180823983
2012-05-21,0.7593755591244816,0.003131151503979769
2012-05-22,0.7357778412893958,0.0029919933967142275
2012-05-23,0.7485391111557269,0.0037872890298644405
2012-05-24,0.9161544121276793,0.008276737980588067
2012-05-25,3.450573436666424,0.05740024256521873
2012-05-26,8.785363657509388,0.18156986232682112
2012-05-27,4.071313783419983,0.06276949200068466
2012-05-28,2.7970020139075706,0.028571120674746906
2012-05-29,1.8468620414631631,0.01399811711902554
2012-05-30,1.301492734778503,0.007798810452297885
2012-05-31,1.072947276560812,0.005563505894664636
2012-06-01,1.0783331986893032,0.007843894837641472
2012-06-02,16.965041061138944,0.48038296327692426
2012-06-03,14.046179811696145,0.3898720937903353
2012-06-04,10.109856729764427,0.21850755687707124
2012-06-05,5.571798353341919,0.10260516537434564
2012-06-06,3.233121210006383,0.05030598425834243
2012-06-07,2.1032816764378044,0.026515235983869057
2012-06-08,1.5346511885445135,0.015097489088702811
2012-06-09,1.2467723117529153,0.009488061123748608
2012-06-10,1.0920430396121055,0.006629756968592776
2012-06-11,1.0034760218156635,0.005157847444101289
2012-06-12,0.9453832757864723,0.004322323697572623
2012-06-13,0.9043320347329543,0.0038613100651950292
2012-06-14,0.8716532859727463,0.003583427311195914
2012-06-15,0.8445380181594306,0.003419474608339788
2012-06-16,0.818054151457747,0.0032736800379294523
2012-06-17,0.7940922323448341,0.003166561405002217
2012-06-18,0.7701316323030273,0.0030570110547913903
2012-06-19,0.748726762074508,0.00298023283882633
2012-06-20,0.726128973526412,0.0028815087304673863
2012-06-21,0.7049310144520193,0.00279070266566813
2012-06-22,0.6845050342752103,0.002710835277258381
2012-06-23,0.7832495320760104,0.006026422990986877
2012-06-24,0.7020428498469656,0.004379116891629208
2012-06-25,0.755138259142541,0.0060913737326277586
2012-06-26,0.7676232744557919,0.007006853505947083
2012-06-27,0.6699123093392944,0.0046910134920257985
2012-06-28,0.6109534395867693,0.003367427671867799
2012-06-29,0.5747662029891428,0.0027058690095607403
2012-06-30,0.5478501706352082,0.002358764902779086
2012-07-01,0.5283293565062815,0.0021789184696853104
2012-07-02,0.5114000307721801,0.002061869747445546
2012-07-03,0.4962745901759934,0.001978710334757109
2012-07-04,0.4830395569158822,0.0019227081796646815
2012-07-05,0.4685445542139114,0.0018580619646311116
2012-07-06,0.45522748425969783,0.0018008660131703191
2012-07-07,0.4486794284556829,0.0018304121976721046
2012-07-08,0.43257825078006734,0.001742192821425237
2012-07-09,0.42429059617746057,0.0017564037386255808
2012-07-10,0.7960201708535324,0.007303302214538724
2012-07-11,5.064683273460504,0.06099757888920965
2012-07-12,7.120782012716132,0.09549936959908854
2012-07-13,26.178254876929497,0.3879831135428155
2012-07-14,21.562696928657715,0.31836951825464127
2012-07-15,39.05007092222619,0.5180722323108131
2012-07-16,28.031282661359462,0.39238124210632314
2012-07-17,21.727252858234333,0.2907987933674213
2012-07-18,25.360884182939344,0.3393127754914574
2012-07-19,18.82399668198885,0.2521423684676034
2012-07-20,13.53395265772676,0.1652612949087397
2012-07-21,8.83425961148467,0.10019850372886806
2012-07-22,5.969138653463555,0.06149078068623062
2012-07-23,4.298738320888521,0.03925536983540629
2012-07-24,3.2975809436060586,0.02619698027936969
2012-07-25,2.689739806969785,0.01843508643417818
2012-07-26,2.31364526321883,0.013783741546535493
2012-07-27,2.0745368563086406,0.010983583307682334
2012-07-28,1.91282094087129,0.009240471952991844
2012-07-29,1.7996995948282273,0.008152658507559649
2012-07-30,1.7145372233291143,0.007447749778895355
2012-07-31,1.646143544132094,0.006967862520520906
2012-08-01,1.5892843985788239,0.009097576876929614
2012-08-02,1.5362924814683683,0.008594203659858583
2012-08-03,1.4882628128310043,0.0075756457378015
2012-08-04,1.4424813831526102,0.00674677706390799
2012-08-05,1.3990082926873875,0.006173494721320765
2012-08-06,1.358184996087184,0.0064183197765856174
2012-08-07,1.3189768120168894,0.006650599743276519
2012-08-08,1.2791925955159036,0.0059586926592372896
2012-08-09,1.2412165443464307,0.0054154916755260974
2012-08-10,1.2041176698323932,0.005073939964304365
2012-08-11,1.1684810522343532,0.004844349149276206
2012-08-12,1.1340315428957317,0.0046664601725790655
2012-08-13,1.1006812740001137,0.004513179398922467
2012-08-14,1.0682721234319372,0.004372637135346203
2012-08-15,1.0368960502211129,0.0042403737310127585
2012-08-16,1.0064077740249275,0.004113669654287271
2012-08-17,0.9771908585334552,0.004261988622782298
2012-08-18,0.9483960478256005,0.004040613600057786
2012-08-19,0.9209827716715329,0.003844943159957687
2012-08-20,1.0493161747677566,0.08175187916900996
2012-08-21,0.9189982689923607,0.04202510940884369
2012-08-22,0.8770621843381091,0.027367217565588936
2012-08-23,0.8327371504927216,0.015378415070615204
2012-08-24,0.7999206023622971,0.00866927037383231
2012-08-25,0.7766316475974202,0.006954412081432818
2012-08-26,0.7497155284501272,0.004560080533129488
2012-08-27,0.8042333036325393,0.03758575880585247
2012-08-28,0.7301080163576826,0.019927734816965647
2012-08-29,0.6967893241881983,0.010699470114828306
2012-08-30,0.669395113005762,0.006214626667736191
2012-08-31,0.6470739352171925,0.004178632305612
2012-09-01,0.6324108601078747,0.00542985180419194
2012-09-02,0.6104577423647756,0.003766952582540414
2012-09-03,0.5923965944093459,0.0030482385569228095
2012-09-04,0.5746028951359112,0.0026464500660971697
2012-09-05,0.5576983740311955,0.0024187260008146803
2012-09-06,0.5416520330293209,0.002278054235711411
2012-09-07,0.5362503037274265,0.008003789969278514
2012-09-08,0.5142137230692011,0.004986689314414084
2012-09-09,0.49780539035267524,0.0034128827353298377
2012-09-10,0.4828651607941545,0.002603646650143253
2012-09-11,0.46845264183189667,0.002230921037448521
2012-09-12,0.454774731241465,0.002004952587998875
2012-09-13,0.44170439535639905,0.0018711196160912306
2012-09-14,0.42904236894396475,0.0017818793649301814
2012-09-15,0.41685340446423436,0.0017144118085249884
2012-09-16,0.40510277171274606,0.001657947498664746
2012-09-17,0.39380934896653336,0.0016076855148195414
2012-09-18,0.38327143150183607,0.0019867473991989943
2012-09-19,0.37199415689085163,0.0018024218474842976
2012-09-20,0.36127739219023053,0.0016272309054222874
2012-09-21,0.35093468749927187,0.0015083762596777568
2012-09-22,0.34098111312378965,0.0014278187096711371
2012-09-23,0.33134645288806874,0.0013684033380236557
2012-09-24,0.32212930569707715,0.001320743980688936
2012-09-25,0.31300358294471475,0.0012783975955133692
2012-09-26,0.30286747786495044,0.0012337479713557377
2012-09-27,0.2888717056882914,0.0011748154390356827
2012-09-28,0.2726200413649383,0.0013830036009951677
2012-09-29,0.25203689239168114,0.001038841669847432
2012-09-30,0.23170530959166277,0.0009414534221153264
2012-10-01,0.21352137911845961,0.000882002546006951
2012-10-02,0.1951856126700506,0.0008101318012735354
2012-10-03,0.32267038543485305,0.002049972649659658
2012-10-04,0.223316731993473,0.0012413172892541669
2012-10-05,0.18085441703524277,0.0009489177798868542
2012-10-06,0.13553384402290536,0.0006723616768453107
2012-10-07,0.10193961420555278,0.00048728713286623205
2012-10-08,0.07532935059260705,0.000352570768842044
2012-10-09,0.0562387454283641,0.0002596717086998895
2012-10-10,0.04507176654472967,0.0002048340354966231
2012-10-11,0.03909730678142239,0.00017514178408896042
2012-10-12,0.03548829528686273,0.00015739897268687207
2012-10-13,0.03341042318549734,0.00014717893639298724
2012-10-14,0.032063801594698925,0.00014059078309019277
2012-10-15,0.031133916803603133,0.00013604317605778367
2012-10-16,0.030473109969254262,0.00013276854589284765
2012-10-17,0.029912668061664757,0.0001299984550558023
2012-10-18,0.02945845949355899,0.00012770950177313887
2012-10-19,0.029013178578881065,0.000125495651245552
2012-10-20,0.02859247757892824,0.000123411589132239
2012-10-21,0.02818478322810446,0.00012140046783561856
2012-10-22,0.027848217777896134,0.00011969507928590907
2012-10-23,0.027738258927149376,0.0001189164757856502
2012-10-24,0.02731152234758669,0.00011686406757445182
2012-10-25,0.026879775390813074,0.00011468416973315012
2012-10-26,0.026442051935927847,0.00011252648506047665
2012-10-27,0.026108646987964036,0.0001109095861763925
2012-10-28,0.025899286578526307,0.00010981009387855931
2012-10-29,0.0259495082737283,0.00010988822656833036
2012-10-30,0.11157582657469793,0.0007713780230281976
2012-10-31,0.11825536278097594,0.0008561913368351308
2012-11-01,0.08480842270669689,0.0005577725921907886
2012-11-02,0.06303952634406314,0.0003829668821764187
2012-11-03,0.046722045945740656,0.0002640362665246434
2012-11-04,0.0366544396225102,0.00019367101310808932
2012-11-05,0.0574003516332488,0.0003307211754804389
2012-11-06,0.035801111785649736,0.00017683835950393518
2012-11-07,0.028534061093661574,0.00013472810668457182
2012-11-08,0.024415142203051368,0.00010974738453747772
2012-11-09,0.021938769280216132,9.459990596551251e-05
2012-11-10,0.02110338773989804,8.844232185328658e-05
2012-11-11,0.019962831614459938,8.128223530653973e-05
2012-11-12,0.019412592798286867,7.819222792212995e-05
2012-11-13,0.01880347925290142,7.441314315013726e-05
2012-11-14,0.018500069776720876,7.259275420331171e-05
2012-11-15,0.018292072657381073,7.136404815741805e-05
2012-11-16,0.01811652319522849,7.039585860614685e-05
2012-11-17,0.017962350072535264,6.960011582204406e-05
2012-11-18,0.01791764997569211,6.92989539710413e-05
2012-11-19,0.03827904849929415,0.00017776900497777333
2012-11-20,0.11212935477381723,0.0006396904658762082
2012-11-21,0.07415475388878048,0.00038573364935481317
2012-11-22,0.057222092572295345,0.0002804399026730683
2012-11-23,0.041278321828243106,0.00019141613736659648
2012-11-24,0.03116285231153978,0.00013781266850715126
2012-11-25,0.055076570836833726,0.00030635043873146315
2012-11-26,0.03126469919839588,0.00014073553512689653
2012-11-27,0.029563837624721218,0.00012989492579673184
2012-11-28,0.04613961269582251,0.0002326725971129974
2012-11-29,0.03341058128665694,0.0001527907474830223
2012-11-30,0.027044470142868756,0.00011997408100328019
2012-12-01,0.023090873813259704,9.899248351431018e-05
2012-12-02,0.020611527165917846,8.579181278702507e-05
2012-12-03,0.01908799182166502,7.76480910883161e-05
2012-12-04,0.01821322073886722,7.285647139080937e-05
2012-12-05,0.01764588076659826,6.975156956386851e-05
2012-12-06,0.01726648753408246,6.768425093013761e-05
2012-12-07,0.017029201846658477,6.637021951013583e-05
2012-12-08,0.016877193892748877,6.551176018753127e-05
2012-12-09,0.016798721515447416,6.502893529275428e-05
2012-12-10,0.018742552418041045,8.65154517153591e-05
2012-12-11,0.019055835775455734,9.197940681173735e-05
2012-12-12,0.019551074360341338,9.969890728705396e-05
2012-12-13,0.019234331771599125,9.816283652456412e-05
2012-12-14,0.01971520314822137,0.00010534097497246717
2012-12-15,0.018763712696850374,9.505513659137668e-05
2012-12-16,0.01794690211033934,8.53384945302404e-05
2012-12-17,0.017298813846572825,7.789017901656535e-05
2012-12-18,0.016941369604403317,7.303029740712394e-05
2012-12-19,0.016674843302362623,6.95675762890576e-05
2012-12-20,0.0165696686957326,6.749072205362291e-05
2012-12-21,0.016538417627560326,6.620933053829127e-05
2012-12-22,0.016496281716169774,6.523464631270928e-05
2012-12-23,0.07043433667021447,0.0009794428325402265
2012-12-24,1.6693698447812857,0.0295109663745965
2012-12-25,2.9417555486975244,0.04959243263989554
2012-12-26,1.2439388696334406,0.017388054596711583
2012-12-27,0.7147422000617443,0.007479097901940104
2012-12-28,0.5040270967054534,0.0038325333543714844
2012-12-29,0.4223288109216514,0.0024435544187772886
2012-12-30,0.3861106272963673,0.001833871437901283
2012-12-31,3.7810541776164257,0.05995450236955894
2013-01-01,14.062465212247858,0.12296712843138688
2013-01-02,8.063202572147656,0.06182837050725729
2013-01-03,3.791817863983588,0.02490794523038562
2013-01-04,1.9468619561981793,0.011191686660240365
2013-01-05,1.2194622425652524,0.006165382894653949
2013-01-06,0.9409453923273089,0.004260095586292266
2013-01-07,0.8629322007471454,0.003786500355358317
2013-01-08,0.7868576991507737,0.0032614448146022906
2013-01-09,0.724985030979678,0.002837840896605403
2013-01-10,0.6888090914907983,0.002631968395088355
2013-01-11,0.6628300124508875,0.0025038200861957514
2013-01-12,0.6412525571447781,0.002409936110461245
2013-01-13,0.6218202383817928,0.002331707974954205
2013-01-14,0.6034806355032535,0.002260758381460352
2013-01-15,0.5862441123451513,0.0021959085388228335
2013-01-16,0.5764552864408389,0.002188068322246419
2013-01-17,0.6951677182575313,0.0031372824703998783
2013-01-18,0.5986812720060648,0.0024930123053518737
2013-01-19,0.5589735804033964,0.0022313719165712653
2013-01-20,0.5221426335309758,0.0020178694651262407
2013-01-21,0.5040816383591168,0.00194945804572549
2013-01-22,0.6598425474121029,0.0031928460730722133
2013-01-23,0.670792051862193,0.003376497369271178
2013-01-24,166.3208242821866,1.3464726116725279
2013-01-25,429.21353882015137,3.487113065496848
2013-01-26,71.46689169794715,0.5187292580613702
2013-01-27,38.39090760524663,0.23698946073347663
2013-01-28,13.452340585245178,0.08647128364048026
2013-01-29,6.326354425380065,0.040167454572398675
2013-01-30,3.7231540503664724,0.022277505751161997
2013-01-31,2.5395972889151985,0.013816095303414084
2013-02-01,1.9670964335421874,0.010292477693831048
2013-02-02,1.653556632506898,0.007699462011413958
2013-02-03,1.4865050922819714,0.006344213737777197
2013-02-04,1.3912472886219784,0.005644415230518893
2013-02-05,1.3481854767507628,0.005511316476295345
2013-02-06,1.2895392696537527,0.005097825658920491
2013-02-07,1.2439840688755595,0.004850808021780423
2013-02-08,1.2046431296601408,0.004679784719140178
2013-02-09,1.2610055306020278,0.005403437643392534
2013-02-10,1.2389506971004973,0.005451716483499263
2013-02-11,1.1550221803047944,0.004744881690558274
2013-02-12,1.1205141466031368,0.004558856154267464
2013-02-13,1.061424161579861,0.004219668306950941
2013-02-14,1.55111684844316,0.010080405115828663
2013-02-15,3.7064659719586937,0.034831042330482974
2013-02-16,11.150104259865584,0.11679219722661591
2013-02-17,10.064054306074974,0.10209700760249169
2013-02-18,98.94490177049522,1.0330452425440306
2013-02-19,36.183578284944865,0.36319267206670386
2013-02-20,26.970338986458405,0.2457247735789889
2013-02-21,17.841375286496163,0.1575090727818907
2013-02-22,11.204995787223602,0.09464134584998296
2013-02-23,7.0084859145896745,0.05538427293449651
2013-02-24,12.902586913495142,0.12795542210312907
2013-02-25,11.372231983723992,0.10876103274926513
2013-02-26,7.752721804638927,0.06862736737655349
2013-02-27,47.417820167884955,0.4341589020718559
2013-02-28,54.95985542529664,0.527997811905776
2013-03-01,119.2909102188736,1.1532772672355627
2013-03-02,136.6408433298564,1.3351068842708778
2013-03-03,58.69021974606712,0.5348235186017594
2013-03-04,706.2688337580661,7.047203701815806
2013-03-05,235.00414861884224,2.2461155611677914
2013-03-06,186.54192698718902,1.693715498388358
2013-03-07,61.511407348318286,0.5073285437275574
2013-03-08,33.172874594223174,0.2605184596030006
2013-03-09,18.125899837980914,0.14382620752141717
2013-03-10,11.977623701972556,0.09136378053903939
2013-03-11,8.524712318294815,0.06034140691410431
2013-03-12,6.500573968051065,0.04205614298744581
2013-03-13,5.230111818520453,0.030700714764293154
2013-03-14,4.415683057320127,0.02353917288038837
2013-03-15,3.8813767724392205,0.01897232807071916
2013-03-16,3.5199746135787158,0.01602290024556559
2013-03-17,3.265871444043721,0.014081379037008585
2013-03-18,3.080362467822397,0.012783406903264835
2013-03-19,2.9373720634464346,0.011885774704084017
2013-03-20,3.11783759682344,0.014039918695763685
2013-03-21,3.0469509509918162,0.013904502687766619
2013-03-22,2.7835187595881004,0.011822852943888584
2013-03-23,2.982377996184711,0.014077706944137547
2013-03-24,2.8532064450263688,0.013705286696279986
2013-03-25,2.599159702903666,0.011514270418430592
2013-03-26,2.414825836610513,0.010066708793810017
2013-03-27,2.2949923083805652,0.009246771576644278
2013-03-28,2.248984235141441,0.0091551402988082
2013-03-29,2.14531399230568,0.008510720780631817
2013-03-30,2.068281326266714,0.008118911577657715
2013-03-31,2.002571351143853,0.007829203963870972
2013-04-01,1.9408258620809085,0.007574015321294579
2013-04-02,1.9102448226760698,0.007714018621909897
2013-04-03,2.0897736986063102,0.010762880773605541
2013-04-04,1.8459131258933676,0.0080625639634342
2013-04-05,1.7558590236298621,0.007239706819071516
2013-04-06,1.6990361795622893,0.006961607783679427
2013-04-07,2.3968245228950944,0.017678452598648895
2013-04-08,2.969463699799756,0.028761767144625264
2013-04-09,2.604320526671192,0.02296759327981783
2013-04-10,19.355359680266204,0.2739844763258167
2013-04-11,87.85501920587286,1.3516670586547648
2013-04-12,63.23608803685512,0.9667927008456927
2013-04-13,35.6367562099592,0.5083085178735459
2013-04-14,21.94051535592512,0.297193773844401
2013-04-15,13.199504977771385,0.1709818872587121
2013-04-16,8.247867262435705,0.09949925717844092
2013-04-17,5.476750824234602,0.059579601588472385
2013-04-18,3.900016003317749,0.03713217665114401
2013-04-19,2.983356381249078,0.024178061086482808
2013-04-20,2.4377562921404103,0.01659143133049751
2013-04-21,2.1565117402325145,0.0128389119898089
2013-04-22,1.9185713963500102,0.009790131788218496
2013-04-23,1.7787710974782776,0.008134875826769892
2013-04-24,1.6816515677014303,0.007162723877407259
2013-04-25,1.6098444660616251,0.006572688714847692
2013-04-26,1.5622948212253922,0.006334548063182464
2013-04-27,1.5046004271359334,0.005957579869123815
2013-04-28,1.456184278515855,0.005714896335901225
2013-04-29,1.4113954472362453,0.005514865973010961
2013-04-30,1.3690252031304138,0.005341094326309358
2013-05-01,1.4224274214856143,0.0077538662087673115
2013-05-02,1.315309048453299,0.005966349175664359
2013-05-03,1.2623746782748757,0.0052596184561229855
2013-05-04,1.218060380729957,0.0048826683601101255
2013-05-05,1.1837209944018292,0.004742746331304153
2013-05-06,1.145440854289672,0.004522886549842742
2013-05-07,1.1821047704650736,0.006208721090864436
2013-05-08,1.2099837843788506,0.007798424040587195
2013-05-09,1.264954763558746,0.010610188578582725
2013-05-10,1.1391390401940615,0.00815173730047347
2013-05-11,1.2669448768244427,0.01224893236449952
2013-05-12,1.0623881008127716,0.007421113787544327
2013-05-13,1.0043345211379433,0.006034491823886462
2013-05-14,0.9260364886934995,0.004456094801282367
2013-05-15,0.9265968354158852,0.004921410973978417
2013-05-16,0.9253887650270161,0.005541054486225025
2013-05-17,1.0528177954075846,0.010079569026378656
2013-05-18,0.8884554159031565,0.0062701481503811395
2013-05-19,0.8212934886647782,0.004498142484249984
2013-05-20,0.7718969241606088,0.003572278209874921
2013-05-21,0.7390656931329659,0.0031211132928653422
2013-05-22,0.7136200049338604,0.002882699290572729
2013-05-23,0.9998459161172824,0.011288782260940902
2013-05-24,0.7769016713138569,0.006307077949201587
2013-05-25,0.7067187982641238,0.004274290914977659
2013-05-26,0.6544851690477617,0.0032185883609951284
2013-05-27,0.6219396216618522,0.0027128434760830965
2013-05-28,0.6226241568529018,0.00316875092049796
2013-05-29,0.617191090895628,0.0035500243195085456
2013-05-30,0.7882380858692112,0.009275505761949347
2013-05-31,0.6687240007884497,0.006479826420009046
2013-06-01,0.6031086345597321,0.004541997843660367
2013-06-02,0.554331066986627,0.003407600037282331
2013-06-03,0.517507383631276,0.0025656590489159413
2013-06-04,0.49357450339360026,0.0021739873868089044
2013-06-05,0.4756655662865006,0.001967205679414959
2013-06-06,0.47831985725759213,0.002475475824232401
2013-06-07,0.458032012825853,0.0021794285247726483
2013-06-08,0.44449575603022107,0.002026017563053862
2013-06-09,0.42978128890250406,0.0019206186936008894
2013-06-10,0.4391355675726384,0.0025564177014063523
2013-06-11,0.4112769292868035,0.0019914287641390705
2013-06-12,0.41664228961265415,0.002348195800247348
2013-06-13,0.4958305960491034,0.005226093865427492
2013-06-14,0.4171795683633312,0.0030095990374421505
2013-06-15,0.38230209544862526,0.0021464990517662797
2013-06-16,0.3568527040286449,0.0016984692579349882
2013-06-17,0.34074405563958726,0.0014813241008044997
2013-06-18,0.3279224042755328,0.001352061238073147
2013-06-19,0.31798661556275,0.001280327940262361
2013-06-20,0.3084595917204916,0.001221881014764068
2013-06-21,0.2997820773971279,0.0011766463546844324
2013-06-22,0.29101973858627583,0.0011363856793735777
2013-06-23,0.28273971918231056,0.0011009714031179807
2013-06-24,0.27484422457967567,0.0010686219921351287
2013-06-25,0.26725156296891267,0.00103825375130367
2013-06-26,0.2599895234137814,0.001009576952221023
2013-06-27,0.25280059379436254,0.0009813852773275689
2013-06-28,0.24706545694894136,0.0009718946101271128
2013-06-29,0.23992588738348922,0.000942098289035072
2013-06-30,0.23333908510416448,0.0009126730223487971
2013-07-01,0.22668159865350873,0.0008836312768896791
2013-07-02,0.22031809119562445,0.0008569611381599272
2013-07-03,0.21427903821881272,0.0008324336529573062
2013-07-04,0.20856810163030365,0.0008096998673471916
2013-07-05,0.20290758101618386,0.0007874118325131432
2013-07-06,0.19749544807360364,0.0007662256143136607
2013-07-07,0.19226643731575938,0.0007458221537174541
2013-07-08,0.18708480584368495,0.0007256327045521449
2013-07-09,0.18223810450852415,0.0007067631490977946
2013-07-10,0.17783347059919494,0.0006903506708054077
2013-07-11,0.22544752638636412,0.0010039327038146634
2013-07-12,0.19417002559127738,0.0008024913679879834
2013-07-13,0.17978360373894214,0.0007255687838712724
2013-07-14,0.20517841168564221,0.0008910598124654087
2013-07-15,0.2081918624347097,0.0008997173634760015
2013-07-16,0.20984657743649815,0.0009431454782108535
2013-07-17,0.17345221852079148,0.0007231243667608142
2013-07-18,0.19077124150512229,0.0008210110220759084
2013-07-19,0.16283251523191775,0.0006657811809920507
2013-07-20,0.1519524426689151,0.0006103484668691278
2013-07-21,0.1578807029575854,0.0006419880503279984
2013-07-22,0.14424453537931903,0.0005770064921112028
2013-07-23,0.13780834874177225,0.0005483818312975328
2013-07-24,0.130265807042281,0.0005134735708322564
2013-07-25,0.12393622003088521,0.0004850875197783613
2013-07-26,0.11932868341566173,0.00046501068053461826
2013-07-27,0.12231515218781602,0.0004931680677494907
2013-07-28,0.12361065519286249,0.0004971244280769498
2013-07-29,0.13250325299040888,0.0005585319192228028
2013-07-30,0.11933459912532132,0.0004840965059454874
2013-07-31,0.1146340784591285,0.00045959881249647713
2013-08-01,0.10796877550427993,0.0007986137535837725
2013-08-02,0.10286921690162272,0.0006748153641872635
2013-08-03,0.09888527963923913,0.0005559316053866215
2013-08-04,0.09596430118474841,0.000505366457562111
2013-08-05,0.09304792757038786,0.0004502891546101011
2013-08-06,0.0906811719524174,0.00040881516532222415
2013-08-07,0.08834815988856207,0.00037777779916115293
2013-08-08,0.08616257193437198,0.0003552007609229526
2013-08-09,0.08412792818406005,0.0003385763926553889
2013-08-10,0.08220637669528086,0.0003258311703819242
2013-08-11,0.08087595967867703,0.00037448367642746477
2013-08-12,0.0790521405714195,0.000371252590757673
2013-08-13,0.07722929795790191,0.0003474350991941601
2013-08-14,0.07563439407727278,0.00035054972937879317
2013-08-15,0.0726117587764634,0.0003294711347236735
2013-08-16,0.06833987813615142,0.0003023303895928581
2013-08-17,0.0628071019198891,0.00027375703916115274
2013-08-18,0.05653956181404792,0.0002451203073948633
2013-08-19,0.05061743524435748,0.00021925551073784545
2013-08-20,0.0455725919557603,0.0001988214763065831
2013-08-21,0.04213328278238513,0.000184624277723935
2013-08-22,0.03965416829360954,0.00017411504871244407
2013-08-23,0.037419077791485914,0.00016417346203160272
2013-08-24,0.03378052030178493,0.0001475048562862154
2013-08-25,0.02984972269049983,0.00012873253605211893
2013-08-26,0.02682678444703484,0.000698779233711222
2013-08-27,0.024930870058492885,0.00023171190325742074
2013-08-28,0.02383431228390499,0.0001692366601447484
2013-08-29,0.02308415914404472,0.00013787436382436055
2013-08-30,0.022564182621005374,0.00011834224298786704
2013-08-31,0.02219515127876983,0.0001060521403501568
2013-09-01,0.021933100336566654,9.82504538321905e-05
2013-09-02,0.021756259535071387,9.328465308490024e-05
2013-09-03,0.02166805328955726,9.035542973834585e-05
2013-09-04,0.026440351069359946,0.00013240235935325773
2013-09-05,0.025553982602793162,0.00012874372948096992
2013-09-06,0.0446529585445004,0.0004401617576090645
2013-09-07,0.03874231893216713,0.0003095014918192347
2013-09-08,0.03314211984710028,0.00024351522131864234
2013-09-09,0.02898703068734274,0.00019356457044554144
2013-09-10,0.025896919054467366,0.00015585864235541372
2013-09-11,0.02371069193888894,0.00012933360960360653
2013-09-12,0.022273902868565447,0.00011156705664321675
2013-09-13,0.021413143384324363,0.0001000920514138201
2013-09-14,0.020859347382905742,9.258955730902258e-05
2013-09-15,0.02048082394781291,8.748480452635446e-05
2013-09-16,0.0202263980174893,8.405467765735926e-05
2013-09-17,0.020017080296643723,8.15992911708945e-05
2013-09-18,0.019809153308111366,7.968689297928822e-05
2013-09-19,0.019633510612305918,7.825460352101699e-05
2013-09-20,0.019509392329777924,7.726674357270058e-05
2013-09-21,0.019466655310166052,7.675227114708859e-05
2013-09-22,0.019392139987064683,7.621507390597185e-05
2013-09-23,0.019585333050287368,7.839731865811801e-05
2013-09-24,0.019436579604657476,7.783995115063034e-05
2013-09-25,0.01930223542752189,7.705099881985503e-05
2013-09-26,0.019140286179313428,7.609673659645237e-05
2013-09-27,0.01903769229451908,7.535946479437783e-05
2013-09-28,0.018874099174556132,7.439998182785951e-05
2013-09-29,0.01864955594583271,7.316858286827913e-05
2013-09-30,0.01845769925924117,7.210131494191722e-05
2013-10-01,0.018279847774140264,7.11444299363675e-05
2013-10-02,0.018124486784659697,7.033960307853513e-05
2013-10-03,0.018028330249284318,6.981814974097391e-05
2013-10-04,0.07566819459160391,0.0004598038049320501
2013-10-05,0.038075698929792456,0.0001871245364807921
2013-10-06,0.029740555401243644,0.00014084703261170635
2013-10-07,0.02499208401273197,0.0001126871005625695
2013-10-08,0.021935027938853546,9.467350669041445e-05
2013-10-09,0.020113051931166453,8.385362362152866e-05
2013-10-10,0.019002679559250703,7.723965924345995e-05
2013-10-11,0.018349800048101793,7.327769223618085e-05
2013-10-12,0.01795496296020778,7.084302229639037e-05
2013-10-13,0.01775518679618971,6.94901540729534e-05
2013-10-14,0.017503747198217554,6.813107784651296e-05
2013-10-15,0.017548883048035195,6.807453994918325e-05
2013-10-16,0.017439625127260952,6.747468895394275e-05
2013-10-17,0.017384055344301767,6.715012631348587e-05
2013-10-18,0.01734908126545399,6.693331849679246e-05
2013-10-19,0.01729126896257689,6.66679052801618e-05
2013-10-20,0.01714958659947134,6.607279472798733e-05
2013-10-21,0.03427856384400109,0.0001814150411222718
2013-10-22,0.026946081515096268,0.00012913216508323903
2013-10-23,0.023500320849964906,0.00010792900298053536
2013-10-24,0.020952233553293023,9.189074541793069e-05
2013-10-25,0.019270496856219232,8.127155252235549e-05
2013-10-26,0.018244858832211597,7.470832395330872e-05
2013-10-27,0.020341511715462265,9.062088208957414e-05
2013-10-28,0.01805847899589254,7.430213100014268e-05
2013-10-29,0.018633387821891032,7.656918257827524e-05
2013-10-30,0.018438769645496594,7.511896740814493e-05
2013-10-31,0.018337243843279713,7.387349554943001e-05
2013-11-01,0.3070621897874132,0.004240774365273291
2013-11-02,0.20748597261274168,0.003458195455184321
2013-11-03,0.09128249319094213,0.0017128128936915754
2013-11-04,0.055996317046255545,0.001010296916149844
2013-11-05,0.03825374869794114,0.0006200622126589939
2013-11-06,0.052507669076691216,0.0008348084946341107
2013-11-07,0.034372700765898385,0.0005318903626511249
2013-11-08,0.027276178309086935,0.0003738728057542161
2013-11-09,0.02299827161311196,0.0002683088484083906
2013-11-10,0.020363674602345685,0.00019904857655141065
2013-11-11,0.018795906046738413,0.00015391969596455728
2013-11-12,0.017879562531447835,0.00012428319880676428
2013-11-13,0.017388947908345317,0.00010479398504201784
2013-11-14,0.017076185828350264,9.160537932383944e-05
2013-11-15,0.01866823388346917,0.00011266126719699769
2013-11-16,0.08230352350884115,0.0019422506440670143
2013-11-17,0.7972025899858889,0.02083637891055797
2013-11-18,1.229849347199671,0.03719801301479577
2013-11-19,0.8976538293604507,0.02235170337317607
2013-11-20,0.6398493219314222,0.011481566258627042
2013-11-21,0.4001140068968375,0.0054273338618360005
2013-11-22,0.28786440703559574,0.00287948629454283
2013-11-23,0.34576463050499745,0.004219131763518725
2013-11-24,0.2656396732850536,0.0026899722756838344
2013-11-25,0.23255129213116804,0.0018211408729577588
2013-11-26,0.2112269772230793,0.0013195938135487253
2013-11-27,0.22484746229470556,0.0017533321396792517
2013-11-28,0.253228898297926,0.0023105014570613965
2013-11-29,0.2100976110518085,0.0015789478524608103
2013-11-30,0.1911726988274237,0.0011859834015860706
2013-12-01,0.40923335538730077,0.004912678620015093
2013-12-02,0.27096317871810316,0.003073691863787594
2013-12-03,0.21241397653098532,0.0019576702214974717
2013-12-04,0.18119482978572052,0.0013066509491758804
2013-12-05,0.16400741477604072,0.0009575801477476333
2013-12-06,0.15407685126244708,0.0007739781589323502
2013-12-07,0.1477232778888812,0.0006751292804224513
2013-12-08,0.1427350677316802,0.0006174547096129106
2013-12-09,0.13851043498056925,0.0005809689276023798
2013-12-10,0.13462046421002982,0.0005550638073130076
2013-12-11,0.13097371497601842,0.0005348938892673967
2013-12-12,0.1276027988069508,0.0005183215404829351
2013-12-13,0.34063395104795635,0.004748142787773537
2013-12-14,0.2448633536904747,0.00402688508721533
2013-12-15,0.18875352695071143,0.0026375688692348636
2013-12-16,0.15564416434825792,0.001671198786372471
2013-12-17,0.13241760156279853,0.0010937734177551602
2013-12-18,0.11865782848263147,0.0007774959747604573
2013-12-19,0.11538842424189222,0.0006990359869937536
2013-12-20,0.14572290696174817,0.001598637812593656
2013-12-21,0.13767579322132573,0.0015316905833998534
2013-12-22,0.12388401468556066,0.0011619059210393363
2013-12-23,0.10995342343794734,0.0008318242786235219
2013-12-24,0.10072729455980539,0.0006275468117322526
2013-12-25,0.09474157895780762,0.0005065542341038887
2013-12-26,0.09067757583266949,0.0004353974640859423
2013-12-27,0.08771156257369346,0.00039265450010262184
2013-12-28,0.08505931831180769,0.00036463216080416294
2013-12-29,0.08272034284692249,0.0003454205487333183
2013-12-30,0.09029324922102382,0.000534671362473563
2013-12-31,0.08634796878872614,0.0005070744832110972
2014-01-01,0.08410430423128508,0.00045475546985563573
2014-01-02,0.07946091199022082,0.0003922741476054383
2014-01-03,0.07544675367031563,0.00034581382634501264
2014-01-04,0.07213277653275216,0.00031383202584233863
2014-01-05,0.06932007818391316,0.0002916008231815252
2014-01-06,0.06687054505345115,0.00027567542555159593
2014-01-07,0.06454464794510112,0.0002632617014859109
2014-01-08,0.06215231626109451,0.0002522836088990689
2014-01-09,0.3047767655996399,0.0027453252519034567
2014-01-10,6.783609527707227,0.06854708206323565
2014-01-11,59.52740191077468,0.6230374604962567
2014-01-12,24.771503861197356,0.2594154590256053
2014-01-13,13.798031192544265,0.12069145136186564
2014-01-14,5.756142904899462,0.04650563526410735
2014-01-15,2.8430584723896746,0.02083870990826336
2014-01-16,1.8216127327961213,0.011902271278745446
2014-01-17,1.3016165250833858,0.007182824112222919
2014-01-18,1.078850740234846,0.005124322155708485
2014-01-19,0.9667311589751555,0.004143224563086534
2014-01-20,0.9045198741880481,0.0036502314775684504
2014-01-21,0.8641727709912168,0.0033790030901321797
2014-01-22,0.833196834850598,0.0032076124416709354
2014-01-23,0.8064970004788395,0.003081999166005195
2014-01-24,0.7822601593306066,0.0029792006370948903
2014-01-25,0.7589580517656909,0.0028858833876291914
2014-01-26,0.915443305335414,0.0045956509891800085
2014-01-27,1.1661786838315582,0.007387746417731865
2014-01-28,0.9957479723727151,0.005783498386926555
2014-01-29,0.8093054427781433,0.003966352558188402
2014-01-30,0.8217370765283808,0.004172483204320483
2014-01-31,82.18758466129783,0.8346151808361947
2014-02-01,28.800630838443826,0.3714281180306648
2014-02-02,25.178706248711094,0.3080970925451516
2014-02-03,16.058676555245587,0.18952942019718297
2014-02-04,10.301541152057931,0.10943140924988468
2014-02-05,6.029395976705204,0.05821600577117734
2014-02-06,3.8559093152129664,0.03360006383453265
2014-02-07,2.6617384067951106,0.019928232366438817
2014-02-08,2.0665640776823735,0.013164067652004181
2014-02-09,2.1305021758714195,0.015346602669344279
2014-02-10,21.660065077652682,0.34725402238971614
2014-02-11,17.868491033157902,0.26038954983336066
2014-02-12,11.386725686990486,0.15645774447160427
2014-02-13,7.143362450379803,0.08994200392085341
2014-02-14,4.584855363273655,0.050686315718310934
2014-02-15,3.2222611034361357,0.030251090746239797
2014-02-16,2.467694403366156,0.019098453416158623
2014-02-17,2.062669868311117,0.013259388971372502
2014-02-18,1.885518579192502,0.010845146372470476
2014-02-19,3.640507552967785,0.03681575008429421
2014-02-20,39.21876989409816,0.504135514676833
2014-02-21,33.14562604467802,0.44358725651090536
2014-02-22,25.624560427089612,0.30029807796767555
2014-02-23,15.818050405057827,0.1800403746649792
2014-02-24,10.315807718202098,0.11343565990707745
2014-02-25,6.8001605080399345,0.06837748243775164
2014-02-26,4.742913825457056,0.042338685473204934
2014-02-27,3.5158079205386255,0.027194219871747215
2014-02-28,2.8104068508051543,0.018590333370168136
2014-03-01,2.3793049810991085,0.012845179740631206
2014-03-02,2.1187318445258185,0.0100450009917972
2014-03-03,1.997446217694573,0.008939660266435704
2014-03-04,1.866933568049908,0.007865971599408186
2014-03-05,1.8331526151757327,0.007787595593312036
2014-03-06,1.7203108078815603,0.00694123973375404
2014-03-07,1.6512490898380507,0.006519499212501607
2014-03-08,1.7671900409890589,0.008048011030358551
2014-03-09,1.7282750161398666,0.008010184900132694
2014-03-10,4.825345249742882,0.042047992281679124
2014-03-11,4.067939953568044,0.034956383539840506
2014-03-12,2.700728620086968,0.019831968287243953
2014-03-13,1.9776457705772008,0.01205808173663324
2014-03-14,1.6186924221085748,0.008323663860553459
2014-03-15,1.4354943027834022,0.006501771311524525
2014-03-16,1.3334130249815648,0.005576191562261043
2014-03-17,1.2684728105297491,0.00507487716062746
2014-03-18,1.220598046454892,0.004775096081448225
2014-03-19,1.1806896287901594,0.004570254303257985
2014-03-20,1.1839594579534285,0.0048166525449430215
2014-03-21,1.521121031316137,0.00843294072166007
2014-03-22,5.77888240723752,0.057258255988938515
2014-03-23,4.16680227272675,0.038830201238945254
2014-03-24,2.2357352385925116,0.01738945820930656
2014-03-25,1.6018580784596566,0.010365483778457427
2014-03-26,7.818660203260227,0.08087121688021355
2014-03-27,119.02087249047145,1.320209549840751
2014-03-28,75.6154830988777,0.809999853255438
2014-03-29,60.799377430912834,0.6400290708106707
2014-03-30,30.10126527399028,0.2949737839919204
2014-03-31,18.922258793617786,0.1732072666095809
2014-04-01,11.226871549581594,0.16858584210337835
2014-04-02,7.057097166113218,0.10978992842559232
2014-04-03,4.819063979339015,0.06866753765079912
2014-04-04,3.5448024273435665,0.04302671757021115
2014-04-05,2.814073148430258,0.02787972451109993
2014-04-06,2.489183971420966,0.02132461533393575
2014-04-07,2.1317470341766316,0.014091548334489022
2014-04-08,1.9511081637739254,0.010722265003551749
2014-04-09,1.8419313491818041,0.00907654836820676
2014-04-10,1.8167491217430933,0.009406182120652409
2014-04-11,1.6993506976679815,0.007614670919029468
2014-04-12,1.6910358735351074,0.008099253861277344
2014-04-13,12.294282806744503,0.26920699896658457
2014-04-14,66.54016546497856,1.5675720663999828
2014-04-15,29.59745631589336,0.6747836493701047
2014-04-16,18.893916853080327,0.38414157877042693
2014-04-17,11.166375990752895,0.21310961200594242
2014-04-18,6.793786790303365,0.11805483650452515
2014-04-19,4.506560729775192,0.06872161186173543
2014-04-20,3.18458749576003,0.04053003386996047
2014-04-21,2.452193954684824,0.025090832681520993
2014-04-22,2.033764017356233,0.016437040880231225
2014-04-23,1.7954572961646684,0.011696404533407506
2014-04-24,1.8564462311150363,0.013769705679770742
2014-04-25,4.000114411375282,0.06752161680609364
2014-04-26,3.1156801116387887,0.046447855714508934
2014-04-27,2.347020877873066,0.027663504230224796
2014-04-28,1.8341973884126408,0.01652818196947288
2014-04-29,1.583371921837938,0.011200443609296267
2014-04-30,1.4272748378282567,0.008362895411158535
2014-05-01,1.3220597708733017,0.011566400090185162
2014-05-02,1.2475619650575929,0.008507028257753785
2014-05-03,1.226403251282465,0.01036137454039382
2014-05-04,1.1539506131776225,0.005836415201963652
2014-05-05,1.113803673090999,0.004866925182260553
2014-05-06,1.0789361421056627,0.004423534215391206
2014-05-07,1.0464372145855563,0.0041704789498984065
2014-05-08,1.0153142837350608,0.00399643243163255
2014-05-09,0.986841265149545,0.004144670031604611
2014-05-10,0.959527967780415,0.004472059766949667
2014-05-11,0.9312156438453797,0.004300943625404792
2014-05-12,0.9025199108503615,0.0038431420096325603
2014-05-13,0.8791240830109022,0.0042011874286977365
2014-05-14,0.8887711014375568,0.012196792531937464
2014-05-15,0.9846878453980402,0.03464675352380268
2014-05-16,0.85432265813809,0.017654248169642478
2014-05-17,0.9157567745281969,0.03293949819417156
2014-05-18,0.853113605890282,0.029084048192317143
2014-05-19,0.8360474231548084,0.03110976174605429
2014-05-20,0.7736654142616859,0.02208045721567883
2014-05-21,0.7458851031357592,0.017456864416330636
2014-05-22,0.696725609872093,0.010867155901832168
2014-05-23,0.6647303356322233,0.006958804639196906
2014-05-24,0.6381695352367043,0.004586106518418621
2014-05-25,0.6163311412977864,0.0033871437533819024
2014-05-26,0.5971911733673216,0.0027899336460307416
2014-05-27,0.5825699611909221,0.0029831491577733695
2014-05-28,0.5637960655376736,0.0026444211242596443
2014-05-29,0.561483364449907,0.005096285160658034
2014-05-30,0.5374245140633543,0.00374416828580901
2014-05-31,0.5797986290669918,0.017706402417080807
2014-06-01,0.529406841391945,0.010887673281490927
2014-06-02,0.5048346393274399,0.0064027185186753535
2014-06-03,0.485704955953269,0.00407793789703684
2014-06-04,0.46649513162357154,0.0028653030082149175
2014-06-05,0.45347451335479144,0.002309117200507953
2014-06-06,0.43702281365319945,0.0019652060023871826
2014-06-07,0.4229872282380112,0.0017712244602676468
2014-06-08,0.7235617537294038,0.011919682575115671
2014-06-09,0.6471973869293037,0.008845140851083821
2014-06-10,0.615237151858822,0.007330444275659108
2014-06-11,0.4816582250800412,0.0041001999172424275
2014-06-12,0.4127073361790997,0.0026866471427075688
2014-06-13,0.39559824408370964,0.0026881224820899602
2014-06-14,0.36234987513190847,0.0019732344814610138
2014-06-15,0.40776062788761824,0.003659800744604015
2014-06-16,0.3755833085728123,0.0027276746457191416
2014-06-17,0.3421851844898525,0.0019323421744578302
2014-06-18,0.31949051197450484,0.0015384544605170918
2014-06-19,0.3059967755635375,0.0014029217508547368
2014-06-20,0.32999088034859875,0.0023808498261958
2014-06-21,0.30883630341206697,0.0020182441406842297
2014-06-22,0.2875782625382391,0.0014834007188396412
2014-06-23,0.2732963043951502,0.0012546669564394786
2014-06-24,0.2629387928061831,0.0011317026231959417
2014-06-25,0.2540461728858578,0.0010401696672407254
2014-06-26,0.24628206861579433,0.0009846603056395177
2014-06-27,0.23928883863611375,0.0009445638372225225
2014-06-28,0.24029087895811543,0.001105381832348483
2014-06-29,0.2313190991190518,0.001029134883254558
2014-06-30,0.22379922797395696,0.0009484676107459933
2014-07-01,0.21627778538599413,0.0008849997299667962
2014-07-02,0.20937909886895167,0.0008382033516604215
2014-07-03,0.20325455319711186,0.0008033447348732364
2014-07-04,0.204558528321333,0.001069484903843229
2014-07-05,0.196125768505517,0.0009519685794312755
2014-07-06,0.19001251624363827,0.0008587582315079869
2014-07-07,0.1839383830623935,0.0007924109509852441
2014-07-08,0.17824799217817158,0.0007379482353739035
2014-07-09,0.17310254812633113,0.0006983246358787964
2014-07-10,0.16820305582262568,0.0006679246207954587
2014-07-11,0.16364892757023586,0.0006438565835447765
2014-07-12,0.15930978873437104,0.0006234609956442026
2014-07-13,0.1555210678394083,0.0006181003913772179
2014-07-14,0.1515964920617884,0.000600006861896885
2014-07-15,0.15156791779079998,0.0006623561598779688
2014-07-16,0.14844662800284109,0.0008151153564173428
2014-07-17,0.14158318783348947,0.0006807014682740853
2014-07-18,0.1369938903772012,0.0006025563490570189
2014-07-19,0.1331213781154693,0.000555100659223563
2014-07-20,0.12957660998128892,0.0005237637411337778
2014-07-21,0.12622691823595397,0.0005013234262930673
2014-07-22,0.1230119323945045,0.00048376006896042636
2014-07-23,0.11992205178748495,0.0004689999792284938
2014-07-24,0.11703721443816047,0.0004562928913670719
2014-07-25,0.11412220518110568,0.00044412989450558503
2014-07-26,0.11145398013327316,0.0004332918860078933
2014-07-27,0.10862156777588602,0.00042200011699591194
2014-07-28,0.10596136763113743,0.0004115045813704666
2014-07-29,0.10337356279941412,0.00040135306205048125
2014-07-30,0.10089864877947467,0.0003916782167583289
2014-07-31,0.09887150154180696,0.00039179445787687427
2014-08-01,0.10722919374936347,0.0012903075141064884
2014-08-02,0.09817089860540176,0.0007801002441439496
2014-08-03,0.09438649785489762,0.0006102443523555639
2014-08-04,0.09153275259820294,0.0005234775568951015
2014-08-05,0.08878084053810602,0.00045697088090833555
2014-08-06,0.08776837457047426,0.0004980785359338815
2014-08-07,0.09083570079823158,0.0009567166565089305
2014-08-08,0.08459575033449168,0.0006332280952164286
2014-08-09,0.08279361147368046,0.0006974171678201368
2014-08-10,0.07991324293167779,0.0005734443978854686
2014-08-11,0.07738030572762811,0.0004657734991905796
2014-08-12,0.07523422307963482,0.00039287860181888513
2014-08-13,0.0733987492070969,0.0003457480260885397
2014-08-14,0.07186943198992231,0.0003155152581355501
2014-08-15,0.13309128697887077,0.006944774120947622
2014-08-16,1.471867779031155,0.1482203258024202
2014-08-17,0.579632351253823,0.05609900893880007
2014-08-18,0.36244874277726224,0.025870514524464736
2014-08-19,0.23722363229396404,0.012428264782402276
2014-08-20,0.17766069725230418,0.0064944246063552025
2014-08-21,0.15055531346945286,0.0037346462296778834
2014-08-22,0.1361576014455061,0.002289355717029784
2014-08-23,0.12779933549269695,0.001507776380427914
2014-08-24,0.12206601521441086,0.0010693743327328488
2014-08-25,0.12088944326864311,0.0010085117912563626
2014-08-26,0.1156537045617624,0.0007476403116866033
2014-08-27,0.11226492292318843,0.0006754322019064365
2014-08-28,0.10906738373232779,0.0005965117776409236
2014-08-29,0.10608182281570104,0.0005338270492964794
2014-08-30,0.1031978448671767,0.00048768079695693333
2014-08-31,0.10049595206585862,0.00045456718980609555
2014-09-01,0.09796123803947214,0.00043035147715053256
2014-09-02,0.0955313825431004,0.00041175640534147164
2014-09-03,0.0932755779890232,0.00039706906219666053
2014-09-04,0.090870678122143,0.00038397652821790655
2014-09-05,0.08767382361768086,0.0003698784917446542
2014-09-06,0.08414754325565164,0.0003558188022770225
2014-09-07,0.08134094172582657,0.0003446907296531108
2014-09-08,0.42079059897652576,0.037928829631373756
2014-09-09,0.23494304499846227,0.019323794660087986
2014-09-10,0.15168579252887726,0.009843719995109175
2014-09-11,0.11193969852542354,0.005364231000512226
2014-09-12,0.0908343134716221,0.003089063490414091
2014-09-13,0.07958442483628897,0.0018869143128350543
2014-09-14,0.07770617599022181,0.0014641637521957147
2014-09-15,0.07284502492471642,0.0010402477813796615
2014-09-16,0.06971255701096465,0.000776245122460149
2014-09-17,0.06656016125937976,0.0005902472257930207
2014-09-18,0.06270798999462264,0.00046205540659374154
2014-09-19,0.05853363860820647,0.000401940342652706
2014-09-20,0.05340005021980268,0.00033847864853448015
2014-09-21,0.048891695608883,0.00028888155153481803
2014-09-22,0.2311115528421994,0.022412867315572804
2014-09-23,0.955707649277622,0.09531110321306317
2014-09-24,0.39210702043843176,0.03645143476787868
2014-09-25,0.2501075154342348,0.01837341016093466
2014-09-26,0.1567408536954393,0.009158714616881853
2014-09-27,0.11075536532761351,0.004974563274873411
2014-09-28,0.08825067061238034,0.002941908874988724
2014-09-29,0.07656946523145974,0.0018716132385227624
2014-09-30,0.06991950345906228,0.0012679442056839046
2014-10-01,0.06580380712104535,0.000909311067326693
2014-10-02,0.06300237047979493,0.0006872119596288516
2014-10-03,0.06089886000133802,0.0005447632630917083
2014-10-04,0.0592327460844639,0.0005037061339465707
2014-10-05,0.06117105817364445,0.010627059345523599
2014-10-06,0.059032711397875706,0.009140305208342848
2014-10-07,0.056949114144315485,0.006685424787801454
2014-10-08,0.05509802008631096,0.0047399582738347395
2014-10-09,0.05356464842453783,0.0033527442806707713
2014-10-10,0.05222501011742993,0.0023853711960933
2014-10-11,0.050839402584165506,0.001712859890307693
2014-10-12,0.050897478300120744,0.02001346170266698
2014-10-13,0.04729752301556753,0.00547253890343228
2014-10-14,0.04382357158272002,0.0034131334140770856
2014-10-15,0.04057527750755402,0.0022732215891509587
2014-10-16,0.03765135872217718,0.0015042987901595383
2014-10-17,0.03525379260406309,0.0010078619591913228
2014-10-18,0.03374195723464623,0.0006960759051711988
2014-10-19,0.03274018078194222,0.0004959960081647439
2014-10-20,0.0319319629085088,0.0003654956333875208
2014-10-21,0.031398183869555035,0.00029547063961816853
2014-10-22,0.03115105083205861,0.0014157103352207049
2014-10-23,0.028442238903181243,0.0012128315874289062
2014-10-24,0.02571333246492663,0.0008938764418068328
2014-10-25,0.023044978151570153,0.0006407602858063565
2014-10-26,0.020527037807890645,0.0004586870440630892
2014-10-27,0.018594564668657134,0.0003322087394057835
2014-10-28,0.018409207580365287,0.00025064999371096294
2014-10-29,0.018273205606179486,0.0001946375343774066
2014-10-30,0.018207017608952457,0.00015630979522435136
2014-10-31,0.01812481399675413,0.000129715316888229
2014-11-01,0.018267002137654198,0.00011227113536461486
2014-11-02,0.018231315509628122,9.961829054638266e-05
2014-11-03,0.03659050267811731,0.00022669436928793633
2014-11-04,0.11032099746138319,0.0006692681824758766
2014-11-05,0.13405209977479793,0.0007215792371568133
2014-11-06,0.08657720619520257,0.00043856802036154765
2014-11-07,0.060673961841292784,0.00029526883196124513
2014-11-08,0.042972317144513515,0.00020006270790772897
2014-11-09,0.03216631993688408,0.00014369696101718487
2014-11-10,0.025935998083155106,0.00011178595689689161
2014-11-11,0.02240377188596647,9.379927024297566e-05
2014-11-12,0.020277675460583126,8.300746508285878e-05
2014-11-13,0.019018898323945863,7.654428091872011e-05
2014-11-14,0.018223445184277928,7.249760443391024e-05
2014-11-15,0.017728425212943797,6.994600771877436e-05
2014-11-16,0.01742166682991945,6.833429521403125e-05
2014-11-17,0.01718400268302674,6.711018745990934e-05
2014-11-18,0.017026003376201585,6.628340328354114e-05
2014-11-19,0.016979279458264124,6.595542545416402e-05
2014-11-20,0.016961762981471357,6.574712613721652e-05
2014-11-21,0.01687764623219043,6.534941927405326e-05
2014-11-22,0.01680763362861604,6.502311707066041e-05
2014-11-23,0.016754570926135946,6.477828458418678e-05
2014-11-24,0.017700131785759524,6.821214960344703e-05
2014-11-25,0.017542370008692035,6.762270639307953e-05
2014-11-26,0.03924132336863129,0.00019901034670420225
2014-11-27,0.028376799120154696,0.00012395299597479917
2014-11-28,0.02480807202466559,0.00010675173086461199
2014-11-29,0.03010884644426708,0.00014818725043045375
2014-11-30,0.028646048223760733,0.00012667267828955043
2014-12-01,0.02472349084835739,0.00011416373766981161
2014-12-02,0.022513902496350078,0.00010740634232119578
2014-12-03,0.03913598743756448,0.0002984332335474771
2014-12-04,0.03154585688487122,0.0002398864329030858
2014-12-05,0.02688239684502009,0.00019257245177803446
2014-12-06,0.1184477834298885,0.001364712670572597
2014-12-07,0.07635796787168533,0.0009127843546337293
2014-12-08,0.06091955682763524,0.0006766559583322723
2014-12-09,0.04393214889325715,0.00045174729471970443
2014-12-10,0.36753160703210647,0.004790054655469825
2014-12-11,0.16999392357623508,0.00241387057172842
2014-12-12,0.2819531366755143,0.0035174524415381
2014-12-13,0.8967767634526373,0.011652756842847037
2014-12-14,0.5471091195274987,0.007397306145103803
2014-12-15,0.30605529508028634,0.0038258648645847775
2014-12-16,0.19035185557432363,0.002067158543930011
2014-12-17,0.13345535047337123,0.001228017685449901
2014-12-18,0.10640978314414233,0.0008298173294577176
2014-12-19,0.09329709696162586,0.0006319014864306736
2014-12-20,0.08574374602091644,0.0005249413968431931
2014-12-21,0.08095431408509121,0.0004609440214344558
2014-12-22,0.07760501037869294,0.0004203755139011387
2014-12-23,0.07492680180393436,0.00039230610419013426
2014-12-24,0.07271091201178996,0.00037186946723013136
2014-12-25,0.07128371371493622,0.00036394422672401895
2014-12-26,0.06948769705781288,0.00035131453433864536
2014-12-27,0.0677388415522382,0.0003385891165659391
2014-12-28,0.06619119791453311,0.0003293506651988195
2014-12-29,0.06556148195622492,0.0003271973480214685
2014-12-30,0.17397117744717633,0.0015330225950319707
2014-12-31,0.49546032977617244,0.005815914287538724
2015-01-01,0.26424610780467667,0.0033589070440822634
2015-01-02,0.2122604673867908,0.002680757231056618
2015-01-03,4.10262800939559,0.053003878834872335
2015-01-04,3.343542840066758,0.039151508882644716
2015-01-05,1.2612710080333571,0.01378083493293192
2015-01-06,9.003939968730915,0.11493460597681622
2015-01-07,13.63119530980682,0.18725879046047647
2015-01-08,7.677905874832105,0.09296471174131314
2015-01-09,4.503116862577458,0.048670696281523027
2015-01-10,2.5667023719303232,0.024830517171971656
2015-01-11,1.6482273620245067,0.013430974573984436
2015-01-12,1.219959367042639,0.008212468982444512
2015-01-13,0.9986015369641527,0.005653804899125017
2015-01-14,0.8850271767332619,0.0044076595971462755
2015-01-15,0.8325068779850232,0.003910090068771705
2015-01-16,3.6962201030660524,0.03632553997634182
2015-01-17,3.7807320799260964,0.034769446592766685
2015-01-18,3.1398178549480567,0.027702356652095115
2015-01-19,2.126462410773988,0.01669191800916822
2015-01-20,1.436934667893375,0.010282694138377355
2015-01-21,3.9855949684359446,0.03980591346467965
2015-01-22,35.36227693193213,0.4867012040898147
2015-01-23,145.06639064999075,2.474462251891506
2015-01-24,46.22929666507206,0.7646653340171017
2015-01-25,27.243167294090053,0.39211986986755115
2015-01-26,26.795812823086916,0.3927270342579823
2015-01-27,19.000003950544592,0.2757909576317741
2015-01-28,13.057888945845178,0.17420387162638412
2015-01-29,11.673819054531593,0.14740982911583078
2015-01-30,8.827502349099955,0.10236439585154682
2015-01-31,6.045056035106549,0.06313891554095385
2015-02-01,4.357113753824572,0.24931847887843764
2015-02-02,3.3745501647938307,0.1964782123593325
2015-02-03,2.7615679197012803,0.12253635243133777
2015-02-04,2.4081118214502277,0.0748407164203414
2015-02-05,2.2356539031823854,0.06683413667518218
2015-02-06,2.203224494592605,0.11329692525752523
2015-02-07,1.9551660851238926,0.05797385008955793
2015-02-08,1.8377320831036226,0.030211414770804034
2015-02-09,1.7472102246559993,0.016672078681927008
2015-02-10,1.6838125241177695,0.012312882945869434
2015-02-11,1.7167161250027383,0.04120091221005901
2015-02-12,1.6442931600494313,0.035995085263487756
2015-02-13,1.76105828824368,0.09457236433391095
2015-02-14,1.593041865606768,0.056495311625971455
2015-02-15,1.6025484832669032,0.08456238812044001
2015-02-16,1.455672032491514,0.042604854427460155
2015-02-17,1.3832723410685828,0.021563948383419167
2015-02-18,1.3246916643264122,0.012244041273671702
2015-02-19,1.3035279027270033,0.01934602974900823
2015-02-20,1.2567094114502178,0.014319036312405085
2015-02-21,1.206878706619736,0.008877336634110075
2015-02-22,1.2644790570103976,0.03748947303128169
2015-02-23,1.465033413021459,0.12684488912319078
2015-02-24,1.2052694562987714,0.062353804528432616
2015-02-25,1.2482300340165524,0.07134048204713563
2015-02-26,1.1006262502836905,0.037314923491531496
2015-02-27,1.0332656496583292,0.019110224109678296
2015-02-28,0.9849652713869429,0.010603089674218294
2015-03-01,0.9492935904818736,0.006828146617359956
2015-03-02,0.9190879081690156,0.005124085054582899
2015-03-03,0.8914060702544421,0.004311276069730319
2015-03-04,0.8651236581455211,0.003887419973792756
2015-03-05,0.8418488849652481,0.0036839147536454685
2015-03-06,0.8161193484446289,0.003492474298832027
2015-03-07,0.7937151040719381,0.0033765142414632506
2015-03-08,0.7688195451269708,0.00323506901799081
2015-03-09,0.7459385101209963,0.003126682165124442
2015-03-10,0.7242614647059,0.003030566584771911
2015-03-11,0.75055869497438,0.0038716630871521033
2015-03-12,0.8986832687275121,0.007430036918513398
2015-03-13,1.0961664670965054,0.012376528137194736
2015-03-14,0.8126908977119925,0.00674693103278069
2015-03-15,0.7071542469247806,0.004371277170214258
2015-03-16,0.6395931113393106,0.0032882823078644423
2015-03-17,0.6012509844771474,0.0027845478624061713
2015-03-18,0.576404939499886,0.002530557731018286
2015-03-19,0.5570177796954109,0.002382476003237671
2015-03-20,0.5399496635783617,0.0022806121253459983
2015-03-21,0.5240427425028801,0.002199980469834111
2015-03-22,0.5089375455214634,0.002130148464751371
2015-03-23,0.4974572621665135,0.002128199106367139
2015-03-24,0.48040414511471596,0.0020129636139898377
2015-03-25,0.46622901620034657,0.0019476857925948901
2015-03-26,0.4527818536948581,0.0018900325904091665
2015-03-27,0.43976874177705105,0.0018350134227011602
2015-03-28,0.43009979687209265,0.0018471017698048658
2015-03-29,0.42273401471216965,0.0018572510733045175
2015-03-30,0.5514972286586541,0.004724462468554506
2015-03-31,1.0875695894339532,0.01564027405118308
2015-04-01,0.7455066439991322,0.009943523965227045
2015-04-02,0.5237982635476095,0.005190450915065289
2015-04-03,0.42437449035809494,0.0031622694348726306
2015-04-04,0.3784369408967266,0.0022942528576838693
2015-04-05,0.3618614337357175,0.0020280789089701418
2015-04-06,0.44020578109627934,0.0039047012690137627
2015-04-07,1.0823678449419456,0.016360566201850644
2015-04-08,0.5360491905132835,0.006335314000461864
2015-04-09,0.42939981810011457,0.003773527971640631
2015-04-10,0.37159096393082985,0.002516651600737392
2015-04-11,0.3408901998264738,0.0019085064657396666
2015-04-12,0.3232062112025151,0.001604876416210303
2015-04-13,0.31102756688316874,0.0014419810681596465
2015-04-14,0.3076504238045302,0.0015817088604832246
2015-04-15,0.3400314107134328,0.002744861585514008
2015-04-16,0.40987983093473684,0.004967329749061251
2015-04-17,0.3613926879456888,0.004090993220843045
2015-04-18,0.3110590562966559,0.002749862463399534
2015-04-19,0.2808034539989112,0.0019511950033006694
2015-04-20,0.26301808313801006,0.0015448267148624871
2015-04-21,0.24989191055590668,0.0012958944517159317
2015-04-22,0.24009861484478406,0.0011481118975677823
2015-04-23,0.2316899783303984,0.0010544227459762818
2015-04-24,0.2239856829915472,0.000989940798319163
2015-04-25,0.2166889833010755,0.000941326657906645
2015-04-26,0.20979858752663424,0.0009020949763464028
2015-04-27,0.203207777008877,0.0008682976771087121
2015-04-28,0.19690691531747534,0.0008380420968590314
2015-04-29,0.1908066478621743,0.0008099268645229376
2015-04-30,0.21035728070031787,0.001558639726604338
2015-05-01,0.19386333937128403,0.0012929846377940826
2015-05-02,0.18322623253318335,0.001062265083977653
2015-05-03,0.17307044231445357,0.0008956330912694366
2015-05-04,0.16485761803578444,0.0007878933889658954
2015-05-05,0.15814837898180542,0.0007179135329802702
2015-05-06,0.15228570664536073,0.0006694995707567915
2015-05-07,0.14694881161446857,0.0006333885078336422
2015-05-08,0.14179037755592755,0.0006038321695206552
2015-05-09,0.1366334474010404,0.0005777246997857769
2015-05-10,0.13164024587101844,0.000554482460958441
2015-05-11,0.1269078424995474,0.000533309560946332
2015-05-12,0.12193755286228751,0.0005110461075731784
2015-05-13,0.11688596952153009,0.00048825094759732447
2015-05-14,0.11204617007056668,0.00046637987961899754
2015-05-15,0.10778891796407775,0.0004472043792372775
2015-05-16,0.11453487404621288,0.0006422098072428313
2015-05-17,0.251066866810866,0.0038140807819375404
2015-05-18,0.24080068117666836,0.0036239864984871054
2015-05-19,0.17360983235208985,0.002088071214417585
2015-05-20,0.13525611579240912,0.001310663588033632
2015-05-21,0.10870447286395278,0.0008585294397037373
2015-05-22,0.09208818803624504,0.0006058782502385445
2015-05-23,0.08173757510004437,0.00046288579927686367
2015-05-24,0.07550549503973723,0.00038351694493108545
2015-05-25,0.08911306747052018,0.0007810806924673141
2015-05-26,0.09254211911598971,0.0008658326076229197
2015-05-27,0.07740405997134311,0.0005775453475353617
2015-05-28,0.0679617971627012,0.0004408502725007392
2015-05-29,0.0601933893677026,0.0003431152723362065
2015-05-30,0.05597035967028703,0.00032019831259153865
2015-05-31,0.05072808410280912,0.00026927213113248636
2015-06-01,0.046833015141178026,0.0002310372567925439
2015-06-02,0.08540030103769539,0.0009479020922601695
2015-06-03,0.05873951751340487,0.00049151685802483
2015-06-04,0.048844747291255965,0.00035640652874314224
2015-06-05,0.04229581703967943,0.00027337082525872127
2015-06-06,0.03721320071296053,0.0002168922722190148
2015-06-07,0.03412581187783741,0.00018175237776064642
2015-06-08,0.03967778301599076,0.00035461368850497166
2015-06-09,0.04764240302178614,0.0005870301366046019
2015-06-10,0.04728726050981571,0.0006201187799786374
2015-06-11,0.04162092726431884,0.0004863605212958383
2015-06-12,0.1298050883324275,0.002328172007239996
2015-06-13,0.11252427016800924,0.0020885172774467125
2015-06-14,0.09424977501274617,0.0017243902349552123
2015-06-15,0.24613715510137232,0.005649866473041799
2015-06-16,0.14659713658746545,0.0032460326234281193
2015-06-17,0.29028781107868257,0.005929388762418495
2015-06-18,0.14857376992025817,0.0029371730127617673
2015-06-19,0.09224915727586891,0.0016658236263459487
2015-06-20,0.06888282415269781,0.0011611075799100802
2015-06-21,0.04891903634568897,0.0007355643111883255
2015-06-22,0.06883248125801643,0.0011517168045408375
2015-06-23,0.0502957824963733,0.000768404756890697
2015-06-24,0.09389843837949995,0.0016968488144773995
2015-06-25,0.05927181659039494,0.0010003399386407416
2015-06-26,0.0627135878239076,0.0010098949285671666
2015-06-27,0.038963267248185295,0.0005188020842179886
2015-06-28,0.03062557787810088,0.00034599946079180065
2015-06-29,0.03321125121188142,0.0004093977857901139
2015-06-30,0.03030461545984717,0.00035202886938184104
2015-07-01,0.04453530259943145,0.000608027779540165
2015-07-02,0.037451666017453644,0.00046482311434737223
2015-07-03,0.032381334924275036,0.0003451980472683115
2015-07-04,0.027901693625372516,0.0002545169928305772
2015-07-05,0.025089844730041024,0.00020035496598097975
2015-07-06,0.022844403007702335,0.00015848735066870798
2015-07-07,0.021401312749664197,0.00013035172002307533
2015-07-08,0.02054474345482892,0.0001119666118768314
2015-07-09,0.020060089685574923,9.996851755076413e-05
2015-07-10,0.05396095012363023,0.0006755835833192228
2015-07-11,0.04144245085246309,0.00048283375551241
2015-07-12,0.03600768930788776,0.0003694035191565096
2015-07-13,0.03030996769624637,0.0002716045407994401
2015-07-14,0.026011562072820158,0.00020255823434345833
2015-07-15,0.02322531944917732,0.0001575375639108562
2015-07-16,0.021504706276904935,0.00012858537654704194
2015-07-17,0.020465639069408802,0.0001098983964454435
2015-07-18,0.019840220754062436,9.771912414563945e-05
2015-07-19,0.019464215705432275,8.971198193898868e-05
2015-07-20,0.019329979335789015,8.478598722500657e-05
2015-07-21,0.021294511980547687,0.0001109394371035086
2015-07-22,0.02516051581410296,0.00017476894672702602
2015-07-23,0.2058035992882451,0.0032522655629884573
2015-07-24,0.10600906823456255,0.0016114351563961313
2015-07-25,0.07159724763180778,0.0009716016864826831
2015-07-26,0.04892380642020114,0.0005898432418320164
2015-07-27,0.03569695753205781,0.0003761321750481652
2015-07-28,0.028331973935256036,0.00025681929441660853
2015-07-29,0.0242582360791449,0.00018983671853629335
2015-07-30,0.02188211309437868,0.00014823683477686587
2015-07-31,0.020482825549537686,0.00012194936556559335
2015-08-01,0.019687447416326664,0.00010513884130978998
2015-08-02,0.01918872255897358,9.401889457746432e-05
2015-08-03,0.0188203165757346,8.63885068731668e-05
2015-08-04,0.01860372993085968,8.134901159226981e-05
2015-08-05,0.018464202936094503,7.795751209222641e-05
2015-08-06,0.018384828684387632,7.570179307764933e-05
2015-08-07,0.018342775647371964,7.419862715003076e-05
2015-08-08,0.018278030578302473,7.301977172851124e-05
2015-08-09,0.018228437928850053,7.218869158421125e-05
2015-08-10,0.018160135843598577,7.148203101175861e-05
2015-08-11,0.01813335573978408,7.107219169859499e-05
2015-08-12,0.018039361456112558,7.048993498639696e-05
2015-08-13,0.01801378209226291,7.02404242413408e-05
2015-08-14,0.01799384924245395,7.005115374875622e-05
2015-08-15,0.017969051940532124,6.98694660815059e-05
2015-08-16,0.01792646118670395,6.964935046319138e-05
2015-08-17,0.017879740678059308,6.94296678184283e-05
2015-08-18,0.01784627983053577,6.926946681115653e-05
2015-08-19,0.01781619169998877,6.912790574959705e-05
2015-08-20,0.017805927422278024,6.906178878456857e-05
2015-08-21,0.017874565192995365,6.931613148410716e-05
2015-08-22,0.017930278375521344,6.951865008197863e-05
2015-08-23,0.017842871427996843,6.915761048463842e-05
2015-08-24,0.019614613708612696,0.0004967495907220639
2015-08-25,0.019208593852275198,0.00023408080516147144
2015-08-26,0.018967834410225082,0.00021404292754626192
2015-08-27,0.018575036174943747,0.00018890266816302292
2015-08-28,0.01823513189264473,0.0001608925328641121
2015-08-29,0.017927605815848496,0.00013594483174440055
2015-08-30,0.019109240919820684,0.0002142139244336428
2015-08-31,0.03486064581756243,0.0043563209967617126
2015-09-01,0.03140241495269371,0.0024634694347912297
2015-09-02,0.027984727823066418,0.001751482715085034
2015-09-03,0.02431477121797356,0.0012054159482963265
2015-09-04,0.021636260400805376,0.0008280976788128034
2015-09-05,0.019872814857982726,0.0005769402704870403
2015-09-06,0.018805533029771834,0.0004104385274142469
2015-09-07,0.018117424804017013,0.00029886174379327327
2015-09-08,0.017715670211773806,0.00022394119662858181
2015-09-09,0.01741502005948231,0.00017304403628626915
2015-09-10,0.017255455473523428,0.0001387354185325278
2015-09-11,0.01721243507653544,0.00011571410124034702
2015-09-12,0.031119272251164634,0.0006039781587655047
2015-09-13,0.0253977275815528,0.00043224924895447515
2015-09-14,0.051759485890057556,0.0013214220387686717
2015-09-15,0.051748264909350306,0.001353726470435709
2015-09-16,0.03730185740061596,0.0008461845464594386
2015-09-17,0.030075306656095264,0.000572373190413429
2015-09-18,0.02497958026203334,0.0003943554416207037
2015-09-19,0.02180169070581567,0.00028044011884285403
2015-09-20,0.019807424738392,0.00020719085940442764
2015-09-21,0.018586837110448368,0.00015960042272622984
2015-09-22,0.017801716914680864,0.00012809216366673948
2015-09-23,0.017300947805488482,0.00010707840156215551
2015-09-24,0.017052476498780087,9.328019120222594e-05
2015-09-25,0.01688712105074568,8.391720959964297e-05
2015-09-26,0.01679183702972967,7.76085999819123e-05
2015-09-27,0.01673882620294114,7.334132117169232e-05
2015-09-28,0.01951277801556471,0.00014098586738130523
2015-09-29,0.01849340537587331,0.00011178530524490065
2015-09-30,0.01824333415121118,0.0001087191403698386
2015-10-01,0.017504944400400197,9.19978837112648e-05
2015-10-02,0.017261279160775363,8.445576455355266e-05
2015-10-03,0.02664441724461841,0.00016502966228997473
2015-10-04,0.02071968703438987,0.00010229145331772086
2015-10-05,0.019137295018676604,8.775920444029881e-05
2015-10-06,0.01809701585749557,7.890352304807813e-05
2015-10-07,0.01737971955455351,7.288830239241842e-05
2015-10-08,0.016949845465803363,6.911641704793311e-05
2015-10-09,0.01675126367748665,6.699717006059426e-05
2015-10-10,0.021672739835728948,0.0001039316447364529
2015-10-11,0.049601742480273665,0.00029211819717115306
2015-10-12,0.038744847342677455,0.00021846805646300775
2015-10-13,0.03089608916285202,0.00016422116973509708
2015-10-14,0.025431498402741677,0.00012730451934752588
2015-10-15,0.021943166048216525,0.00010380056222398438
2015-10-16,0.024946517176076082,0.000124587414857222
2015-10-17,0.02877507398656476,0.00015213812965029198
2015-10-18,0.02528670868560558,0.00012723724504851527
2015-10-19,0.2595500476397137,0.00195724139899273
2015-10-20,0.19363983755148803,0.0013509706177511108
2015-10-21,0.1644925371625644,0.0011117219222971436
2015-10-22,0.09952765568501076,0.000630899923713461
2015-10-23,0.06345575131438996,0.00037715808654187777
2015-10-24,0.04261528078016003,0.00023818778163485688
2015-10-25,0.03107678402323476,0.000163208562299476
2015-10-26,0.024618656129683062,0.00012168180763887118
2015-10-27,0.0210814639089855,9.849066151965488e-05
2015-10-28,0.0189564128478685,8.444970192262794e-05
2015-10-29,0.017749989890585516,7.609800841489205e-05
2015-10-30,0.017060626273598112,7.100969485989919e-05
2015-10-31,0.07424516268179011,0.0005295768230657732
2015-11-01,0.1445148975307166,0.004815352228339921
2015-11-02,0.11052066203575432,0.004228701430884438
2015-11-03,0.08263805242921386,0.0030326616843006156
2015-11-04,0.050467019617063916,0.0015879829493884578
2015-11-05,0.03526717573597368,0.0009578570915439091
2015-11-06,0.12522603138035632,0.005698742065473013
2015-11-07,0.059831433326703404,0.002402095298224354
2015-11-08,0.20529370656543447,0.008688294506033773
2015-11-09,0.18023917039612147,0.007885463843750879
2015-11-10,0.3602877486385046,0.01631364180215572
2015-11-11,0.14859591915573392,0.005812857192815471
2015-11-12,0.08640190966915759,0.0030329302113889485
2015-11-13,0.06665541424656256,0.0020639763184238436
2015-11-14,0.04814814969787643,0.0012086738302195383
2015-11-15,0.4644356697520936,0.023043628184929315
2015-11-16,0.4930417988161774,0.0194628956040979
2015-11-17,1.8549920993614308,0.07708859928923933
2015-11-18,0.7786990725307231,0.025757263611043676
2015-11-19,0.4925900633826629,0.011764475864222263
2015-11-20,0.35877938036998847,0.0058935535534641575
2015-11-21,0.2997774938010667,0.0033809354749958797
2015-11-22,0.2717875018253263,0.0022240909233629032
2015-11-23,0.2563404873568918,0.0016554980053213846
2015-11-24,0.24598348134091128,0.0013580943425209853
2015-11-25,0.23781094368913833,0.0011918386034543047
2015-11-26,0.2305778924730655,0.0010910891997576754
2015-11-27,0.22385675080117426,0.001024388960737096
2015-11-28,0.21752741303905251,0.0009762166817073609
2015-11-29,0.2114485038247373,0.0009382088500617951
2015-11-30,0.20579359071732975,0.0009069197041242532
2015-12-01,0.2002341882012047,0.0008787914510876238
2015-12-02,0.1947730520067453,0.0008526503393788703
2015-12-03,0.1893945612494998,0.0008277529550875853
2015-12-04,0.18466482409296409,0.0008227815612542419
2015-12-05,0.17969179009068847,0.0008076825833644922
2015-12-06,0.17463167441430724,0.0007801509283033423
2015-12-07,0.18976276072667492,0.0014097812121178714
2015-12-08,0.1878625393234884,0.0015298978848600569
2015-12-09,0.17394554376207813,0.0012323355014842762
2015-12-10,0.16488399541099416,0.0010054387963149938
2015-12-11,0.15658326325944255,0.0008469049637748933
2015-12-12,0.15022281802150544,0.0007472462974168494
2015-12-13,0.15839828217822854,0.000980406987399033
2015-12-14,0.20747903284128028,0.0022491897766335504
2015-12-15,0.167771910794883,0.0014808609684921466
2015-12-16,0.14799033498899414,0.0010633698681841548
2015-12-17,0.13670602451575328,0.0008280657493228463
2015-12-18,0.13287564186192186,0.0007515806682194696
2015-12-19,0.12635661448483976,0.0006534528723952072
2015-12-20,0.12400822112813223,0.0006655598079656089
2015-12-21,0.12720514781063524,0.0008759684323820605
2015-12-22,0.12111412848416869,0.0007850447451500077
2015-12-23,0.115298112456953,0.0006710018243145006
2015-12-24,0.11332958969895789,0.0006413081484805496
2015-12-25,0.10787864993670207,0.0005671953141555707
2015-12-26,0.13226863200864925,0.0011121181199636578
2015-12-27,0.12846807348956682,0.0012748971455640462
2015-12-28,0.28685497047829495,0.0059636018443120775
2015-12-29,0.4461678116403523,0.01136594558803149
2015-12-30,0.31764770278692445,0.008049341819424159
2015-12-31,0.20829862466217958,0.004444625944074626
2016-01-01,0.14757717234257967,0.002462715995052526
2016-01-02,0.1153220388131498,0.0014617242627782837
2016-01-03,0.25292898232928446,0.006395902202307671
2016-01-04,0.3867500744691379,0.011563341396510125
2016-01-05,2.9429466891243634,0.10597989510787505
2016-01-06,1.1525017792163226,0.03272547996205
2016-01-07,0.6692263702716817,0.014025742986424422
2016-01-08,0.4761282441984465,0.006619401752101083
2016-01-09,1.5080812266365178,0.03833204469089331
2016-01-10,3.3968927919681247,0.09905836099556659
2016-01-11,1.2317059776312027,0.027193796644270893
2016-01-12,0.6959227455231755,0.010277050837273618
2016-01-13,0.5405562645861756,0.005049412764798886
2016-01-14,0.4856388981979178,0.003181373121340026
2016-01-15,0.4548350362056706,0.0022823203352863057
2016-01-16,0.4363689320733521,0.00187666561223347
2016-01-17,0.6715962670526062,0.010451534163049505
2016-01-18,7.659775255768148,0.2574158815495066
2016-01-19,4.724113944557923,0.13715467453503485
2016-01-20,2.339523534772691,0.05781001895714475
2016-01-21,1.239669300314082,0.02424414615929611
2016-01-22,0.8134689825274026,0.011177019388425954
2016-01-23,0.6375776361465129,0.005818487610526515
2016-01-24,0.5596450513845199,0.0035246204997925446
2016-01-25,0.5207926630495335,0.002513410884862947
2016-01-26,0.7468330992036957,0.010171258580235897
2016-01-27,0.9415547463208991,0.018483455018303875
2016-01-28,0.7105469170401469,0.010347611682671303
2016-01-29,0.558811547786268,0.00579244856265489
2016-01-30,0.48762247308748347,0.0035511121111012588
2016-01-31,0.44686444772895906,0.002436937364051001
2016-02-01,0.4229233830275304,0.0019011231768246966
2016-02-02,0.604859009366755,0.0036644966314208116
2016-02-03,0.4739235112323222,0.0022638145726093946
2016-02-04,0.6639242277276,0.004289706939761595
2016-02-05,0.6511274335906174,0.004269732000349394
2016-02-06,199.63720825712835,2.177818696000757
2016-02-07,85.06014271192178,0.9177605764022144
2016-02-08,39.35118112971865,0.3575251099920473
2016-02-09,18.825525390666822,0.17104356662668424
2016-02-10,9.654886890222068,0.08601652381812136
2016-02-11,5.419042946556671,0.04509224923264094
2016-02-12,3.4542635857358275,0.02570365259420062
2016-02-13,2.484623220712488,0.016002754652363924
2016-02-14,1.971499794081777,0.010860006478492928
2016-02-15,1.6923133402913422,0.008125105681288027
2016-02-16,1.5331246184971417,0.006652077558718979
2016-02-17,1.4358597651534482,0.005847077764778103
2016-02-18,1.3711600732715579,0.005403180656560509
2016-02-19,1.319816577221019,0.0051033709020754684
2016-02-20,1.3878512872353863,0.006194782813326728
2016-02-21,1.275586756583126,0.005118346379061051
2016-02-22,1.3177713792566257,0.005783128500896343
2016-02-23,1.6486093620420024,0.00939919890942484
2016-02-24,1.297571558983741,0.006103398144103862
2016-02-25,1.1842658961175012,0.005055904469871193
2016-02-26,1.0971556036184058,0.004407058498724091
2016-02-27,1.0448525289923538,0.004074183687440106
2016-02-28,1.0068998935301596,0.003875375357422846
2016-02-29,0.9995474211479413,0.00398451329253506
2016-03-01,0.9540028080239724,0.0036975552181633523
2016-03-02,1.0919142429910453,0.005495006240863222
2016-03-03,7.170186717792874,0.0904277605076585
2016-03-04,43.10365275582126,0.4878887427550712
2016-03-05,212.64295244793448,2.4430949858481066
2016-03-06,113.50918996540568,1.3092287781424894
2016-03-07,273.73520393611597,3.134202263947852
2016-03-08,79.98236498607416,0.8787957757947088
2016-03-09,49.769516797738206,0.47359484431607196
2016-03-10,27.070125139845903,0.26624238499755604
2016-03-11,16.65050230785985,0.16013217994286988
2016-03-12,10.80700608039049,0.09861967045585723
2016-03-13,7.321152308656473,0.06148427617943606
2016-03-14,5.327036325377115,0.04019285961884431
2016-03-15,4.1414362261818285,0.02762439154453672
2016-03-16,3.40168528838118,0.01990871976652381
2016-03-17,2.955768630230267,0.01537418400890835
2016-03-18,2.65753689268935,0.012508913848336793
2016-03-19,2.4572373352621577,0.010710014402877032
2016-03-20,2.314334078699309,0.009555066638099049
2016-03-21,2.2078995297960406,0.008811023879443788
2016-03-22,2.342297742281243,0.01111129744612038
2016-03-23,2.104967443625036,0.00857157316719137
2016-03-24,2.039371261264639,0.008158211988633078
2016-03-25,1.942204358588695,0.0075801153399490204
2016-03-26,1.8714210319863542,0.007217232390131046
2016-03-27,1.8107719275420675,0.006947376465304029
2016-03-28,1.756684973244393,0.006731182580810573
2016-03-29,1.7034328188137513,0.00651911923749069
2016-03-30,1.652884293401955,0.0063222592257066714
2016-03-31,1.6036919715106634,0.00613220554995351
2016-04-01,1.5561287757690248,0.005949424904901621
2016-04-02,1.509990492333054,0.005772582312160563
2016-04-03,1.4654679470912282,0.005602128114858088
2016-04-04,1.422158941101491,0.005436374160599512
2016-04-05,1.3801873905435331,0.005275793496071916
2016-04-06,1.3395211763200763,0.005120220780555666
2016-04-07,1.3001052400717066,0.004969436211888125
2016-04-08,1.2619218405294756,0.004823369313484511
2016-04-09,1.2322651826448967,0.004880461947230561
2016-04-10,1.2482639598585048,0.005914333111437534
2016-04-11,1.184618169583778,0.0052570364886373195
2016-04-12,1.1395787371388377,0.004875299552431877
2016-04-13,1.0957506962917432,0.00445199468492966
2016-04-14,1.084648531698438,0.004625692937530904
2016-04-15,1.2640201723629618,0.009787707056729664
2016-04-16,1.0894929976092547,0.006892122344435857
2016-04-17,1.0150909342303471,0.005157051990435929
2016-04-18,0.9554483589136463,0.004171145640247462
2016-04-19,0.9156654348880361,0.00371129485424605
2016-04-20,0.896631962445257,0.003754189776115819
2016-04-21,0.8731027974509665,0.003709853782134255
2016-04-22,0.8393067275430246,0.003427027266776523
2016-04-23,0.8108725789177199,0.003202593070802722
2016-04-24,0.7855250724368179,0.0030459534440393857
2016-04-25,0.7616410642219176,0.0029282632898197953
2016-04-26,0.7392892385433149,0.002831973746902732
2016-04-27,0.71814090580297,0.0027583067944997606
2016-04-28,0.8417488554486848,0.0060019670829734775
2016-04-29,0.735438765365336,0.004192544215080199
2016-04-30,0.6844203204965447,0.0032581626931426585
2016-05-01,0.655251242205421,0.0030149793537202364
2016-05-02,0.6256359317065147,0.0026109428787992155
2016-05-03,0.6096830582634061,0.002778351950294939
2016-05-04,0.588010893688753,0.0025111617591914042
2016-05-05,1.2561281817010232,0.0396582004106902
2016-05-06,0.7885503544041588,0.016446461676528003
2016-05-07,0.6422874346804027,0.008215339379299854
2016-05-08,0.5612010060645689,0.00468506170289119
2016-05-09,0.52005281488797,0.0031259591446916057
2016-05-10,0.49565180276723525,0.002411286277049605
2016-05-11,0.4782090371545802,0.00206519591299884
2016-05-12,0.46324173870118346,0.0018806082095965736
2016-05-13,0.4495460434641193,0.0017694680060229865
2016-05-14,0.4365305485211696,0.0016922385755516415
2016-05-15,0.42399265509988715,0.0016313253287319385
2016-05-16,0.4121498952181931,0.0015798862106956282
2016-05-17,0.4004625803720318,0.0015322214612825628
2016-05-18,0.389116081653118,0.0014875624847284301
2016-05-19,0.37804916895021856,0.0014444787780021752
2016-05-20,0.36751497394041804,0.001408740349284325
2016-05-21,0.35710234648951766,0.0013666687118235822
2016-05-22,0.36479048968463373,0.0023139959718940953
2016-05-23,0.36587557419225136,0.003098385809943324
2016-05-24,0.34860122499490254,0.002505860379552968
2016-05-25,0.32863821388675457,0.0018328159404432745
2016-05-26,0.31434523363412437,0.0014913441523036872
2016-05-27,0.3041244607806397,0.0013486654161119257
2016-05-28,0.2940620800585162,0.0012274695152770174
2016-05-29,0.28543417683067124,0.00114619661124066
2016-05-30,0.2770653491160494,0.0010875088656971442
2016-05-31,0.2692125121415583,0.0010433364307270018
2016-06-01,0.29496856186404896,0.00219885361108744
2016-06-02,0.3579613348117977,0.0043776188117669625
2016-06-03,0.3611406139146992,0.00514480648711865
2016-06-04,0.9024058060475819,0.023288413349661818
2016-06-05,0.48296901703239076,0.009424910239975446
2016-06-06,0.36962480396672387,0.004985873215115329
2016-06-07,0.2855811073858783,0.0027661513009889925
2016-06-08,0.24215713025814267,0.0017345136900707872
2016-06-09,0.22045334601853958,0.0012443291313088013
2016-06-10,0.2082896954893986,0.0009991861531723728
2016-06-11,0.20018209067607579,0.0008689631238184374
2016-06-12,0.19476870989387993,0.0008055725740143357
2016-06-13,0.20058575425450023,0.0011716384166379568
2016-06-14,0.23928342221233037,0.002677602111054171
2016-06-15,0.20918844267915068,0.0018242945461284838
2016-06-16,0.1985417305880136,0.0015028522847405498
2016-06-17,0.18328319327475007,0.0011522486326981515
2016-06-18,0.17327885451748146,0.0009293765610342363
2016-06-19,1.9830703611076752,0.05733063974509544
2016-06-20,14.78380472004406,0.5097150534653633
2016-06-21,9.575659884448655,0.29306576642000526
2016-06-22,5.261043154107477,0.09944692687278534
2016-06-23,2.672958789634804,0.03641389744961838
2016-06-24,1.524242229892955,0.015513648876433948
2016-06-25,1.0545249421727514,0.00795378170249207
2016-06-26,0.8685924495164867,0.00502633313146519
2016-06-27,0.7874018289595208,0.0037985545871320604
2016-06-28,0.7760746646617599,0.004548572762555338
2016-06-29,0.7293360683432815,0.003649396389475511
2016-06-30,0.6998107535673277,0.0031161448360724933
2016-07-01,0.6745947906207217,0.002818551136346546
2016-07-02,0.654173168378709,0.002658115041394514
2016-07-03,0.633810951759102,0.002534183338727755
2016-07-04,0.6151982049511937,0.0024397638156370043
2016-07-05,0.6066529725181709,0.002522093353719496
2016-07-06,0.588867143736924,0.002449598567004462
2016-07-07,0.5688629769544629,0.0023047034391120718
2016-07-08,0.5494817402605268,0.0021943055054855845
2016-07-09,0.5317875265651252,0.0021071394511143733
2016-07-10,0.5170000845524239,0.00205003306333868
2016-07-11,0.5013059945897509,0.0019815988661122655
2016-07-12,0.486890379611925,0.0019203544573076945
2016-07-13,0.47297995027030765,0.0018709504326704356
2016-07-14,0.4592473266648507,0.001812841588057304
2016-07-15,1.6724805047652935,0.021483760078100073
2016-07-16,152.317041727892,2.742827060661514
2016-07-17,44.74376184177812,0.8689411242146035
2016-07-18,30.75036182599702,0.4890584366979032
2016-07-19,15.525598170438647,0.252157731317886
2016-07-20,8.762333759480203,0.1384366377048388
2016-07-21,5.338680412172627,0.07873681461969524
2016-07-22,3.551077217843142,0.04576350127666605
2016-07-23,2.537327375076546,0.027476779818102537
2016-07-24,1.9528824649484855,0.017301365349473487
2016-07-25,1.6210665627116305,0.011680158138140363
2016-07-26,1.425634692859254,0.008510909699182681
2016-07-27,1.3069087875734866,0.006724438749831416
2016-07-28,1.2280912040283147,0.005694378828272757
2016-07-29,1.1715055638857241,0.005084781873214563
2016-07-30,1.1268125432168148,0.004704036808653902
2016-07-31,1.0887357703821614,0.004447300577790411
2016-08-01,1.055733196834853,0.005207937276246791
2016-08-02,1.022998152304129,0.004821054849664639
2016-08-03,0.9923677467909893,0.004373997454577475
2016-08-04,0.9627845237361903,0.004051217890145102
2016-08-05,0.9346153592767775,0.0038304538803262123
2016-08-06,0.9084121103749203,0.004309316089318626
2016-08-07,0.8829542292676359,0.005648970312071867
2016-08-08,0.8561556415868216,0.0047016529248356245
2016-08-09,0.8320949422147639,0.0045738271270567505
2016-08-10,0.8064714208816735,0.003952428634252988
2016-08-11,0.7834864925980188,0.004149843688600231
2016-08-12,0.7599090750157356,0.003646458494215621
2016-08-13,0.737556825155637,0.0032568925964827104
2016-08-14,0.7158764221212162,0.0030084842130435312
2016-08-15,0.6952055516138231,0.0028459813242798886
2016-08-16,0.6921084255119996,0.01127976543788068
2016-08-17,0.7432964092193535,0.05289330597132574
2016-08-18,0.6723823552547106,0.031533904411458626
2016-08-19,0.7179872092521915,0.05751256420275243
2016-08-20,0.6814918513919479,0.0678256984818239
2016-08-21,0.6195732617716343,0.0375711410081259
2016-08-22,0.5860165717698714,0.019587351538009796
2016-08-23,0.5594097235411604,0.010919593243574431
2016-08-24,0.548880198328415,0.01383366286105401
2016-08-25,0.630736855609448,0.05566853307706133
2016-08-26,0.5467276779103213,0.031204444892114477
2016-08-27,0.5113915661864168,0.017460203810109945
2016-08-28,0.4844883091604037,0.009369740738059528
2016-08-29,0.46550481022075935,0.005356762361140284
2016-08-30,0.4511443317623072,0.003994558914019872
2016-08-31,0.43685088518594173,0.0029574045233783054
2016-09-01,0.42406808519231937,0.002320356997447978
2016-09-02,0.44678320263594495,0.008369437671793602
2016-09-03,0.4519595784070325,0.010769850980929934
2016-09-04,0.4115360115339289,0.005979351149168589
2016-09-05,0.3886770831651756,0.0036743867357787786
2016-09-06,0.37169108731323086,0.0025012148734942564
2016-09-07,0.37537032252073566,0.004710038043173085
2016-09-08,0.395783891296526,0.009373329405556421
2016-09-09,0.6148642309379125,0.05242308285581022
2016-09-10,0.574325603991813,0.04899745095411666
2016-09-11,0.4444765664102304,0.023122132736407508
2016-09-12,0.372089411749261,0.011803701995460483
2016-09-13,0.3295820897264233,0.006717214351806621
2016-09-14,0.30823145483184217,0.004794127932071467
2016-09-15,0.28957472397249834,0.002596632255706587
2016-09-16,0.31647060844171365,0.009138422979600441
2016-09-17,0.28533193019103964,0.004555692516739206
2016-09-18,0.27405911806043903,0.0034106933299642597
2016-09-19,0.28248959818745534,0.006173390018446089
2016-09-20,0.26041207558838414,0.0034612774004821683
2016-09-21,0.24726485158394107,0.002265350535631594
2016-09-22,0.24114990737789224,0.0026849027114749405
2016-09-23,0.2292151937160454,0.00146860263858003
2016-09-24,0.22133512523513904,0.0011361527128477484
2016-09-25,0.21472743151980866,0.000981532173819904
2016-09-26,0.20861425726969576,0.0008937797127259117
2016-09-27,0.2030242018177542,0.0008397872763311186
2016-09-28,0.19758842068392155,0.0008020092241355253
2016-09-29,0.19267023490355933,0.0007741125049318736
2016-09-30,0.19597226112929172,0.002187630071687545
2016-10-01,0.18597347104076511,0.001253271005786798
2016-10-02,0.17938844312709346,0.000985656492560507
2016-10-03,0.17373234296100246,0.0008284792729582305
2016-10-04,0.20681954676118916,0.001484147404756551
2016-10-05,0.1814432594606087,0.0011476575903445997
2016-10-06,0.17176133425873344,0.0009516484978057424
2016-10-07,0.1619272424552395,0.0007996888390716974
2016-10-08,0.15448307018588733,0.0007012112722392672
2016-10-09,0.14874759081654873,0.0006390071903426053
2016-10-10,0.14404393822487602,0.0005983028854767457
2016-10-11,0.13995437990967113,0.0005698420193030454
2016-10-12,0.1370468577706668,0.0005635070584890785
2016-10-13,0.13330524658602572,0.0005449488794002905
2016-10-14,0.12999992611887096,0.0005264804402577368
2016-10-15,0.15023195095535122,0.0010301991974110802
2016-10-16,0.13725469352971528,0.0008646718095698101
2016-10-17,0.15825649774142292,0.0013216913703176755
2016-10-18,0.1364771488539871,0.0009886755990636952
2016-10-19,0.1237468249047758,0.0007516138050119252
2016-10-20,0.11675872707408665,0.0006173673958918573
2016-10-21,0.11057373101413358,0.0005198636320273511
2016-10-22,0.10644836988025708,0.00046622927796917944
2016-10-23,0.10334541173226341,0.0004497075440502879
2016-10-24,0.1529941844869718,0.001485278049385962
2016-10-25,0.11669064819362258,0.0010417689713897382
2016-10-26,0.09446894723795356,0.0007271712699433275
2016-10-27,0.07473111948388604,0.0004944453623928711
2016-10-28,0.05925248854307473,0.000342431590145512
2016-10-29,0.04744122387221707,0.0002454057589066361
2016-10-30,0.03836262137414089,0.0001826054103821324
2016-10-31,0.03182548492443789,0.00014318497377184043
2016-11-01,0.02743050399830471,0.000118992796833393
2016-11-02,0.02477674027852348,0.00010464903424177555
2016-11-03,0.029460314901878632,0.00015842250478469678
2016-11-04,0.3401657732462015,0.0044761313445133045
2016-11-05,0.1276605359637296,0.001549356494178049
2016-11-06,0.07149101011273622,0.0007531232406889746
2016-11-07,0.047666503992810694,0.0004365952101743117
2016-11-08,0.03526549179059273,0.0002803168775031014
2016-11-09,0.028621920219605024,0.00019795782219345922
2016-11-10,0.024912917585005273,0.00015226764001002955
2016-11-11,0.025631774575845694,0.0001395057446563096
2016-11-12,0.0690323886355976,0.0005561870175067187
2016-11-13,0.05834453001050549,0.00043601949087812157
2016-11-14,0.08070985567357876,0.0006557251551302714
2016-11-15,0.05625969557944697,0.00040284922198532573
2016-11-16,0.04312883793896568,0.0002784647606622904
2016-11-17,0.03372298494039955,0.00019959219202019422
2016-11-18,0.034945809681657225,0.00025735103389883275
2016-11-19,0.04162460924582206,0.00037925124563026395
2016-11-20,0.06685158488437189,0.0007040686133444425
2016-11-21,0.1928364324476079,0.0025448876018538233
2016-11-22,0.13151804814453116,0.0015285667150238503
2016-11-23,0.08487762974166356,0.000834448742777007
2016-11-24,0.05727773271421849,0.0004917150210097703
2016-11-25,0.04053773972877435,0.00031028519001220523
2016-11-26,0.03133416952680376,0.00021401748538737748
2016-11-27,0.03800133490468117,0.00032664993272281856
2016-11-28,0.0352538784639777,0.00029664119986081057
2016-11-29,0.02934499754874512,0.00021866402789130258
2016-11-30,0.025405566263650377,0.00016653986039590247
2016-12-01,0.02264652534122089,0.00013232084376193327
2016-12-02,0.020883373228937508,0.00011059103102566863
2016-12-03,0.019765773351079433,9.658234966451513e-05
2016-12-04,0.019088167872751638,8.762034111107529e-05
2016-12-05,0.018612296829068578,8.151936052134293e-05
2016-12-06,0.03007532601106806,0.00021773507564428734
2016-12-07,0.03010238830250921,0.0002268785332951027
2016-12-08,0.03009277895819193,0.00021213574688570691
2016-12-09,0.026695219659866893,0.0001711153685010618
2016-12-10,0.08056506545416041,0.0017653581200237384
2016-12-11,0.18796206473267021,0.005008798826882341
2016-12-12,0.7434720846307824,0.019769246071561365
2016-12-13,1.746116176004956,0.046768621749077234
2016-12-14,1.33523219959264,0.03194044485898925
2016-12-15,0.6962897547515778,0.012022258225590719
2016-12-16,0.5536753137423785,0.006077313334168964
2016-12-17,0.8287017552454303,0.014753470973294266
2016-12-18,0.5055395590319682,0.006339701086229201
2016-12-19,0.38336724337466205,0.0032118148227840673
2016-12-20,0.34330030250037497,0.002227680802921773
2016-12-21,0.3113225473180664,0.0015410995486751014
2016-12-22,0.2941716121230486,0.001203460382864435
2016-12-23,0.28204614134548417,0.0010207241073014245
2016-12-24,0.27756520832731785,0.0010471533967691517
2016-12-25,0.27798069492955785,0.0012306415030045059
2016-12-26,0.2754740167356714,0.0012590599604158303
2016-12-27,0.3132982093654191,0.0024464170866762888
2016-12-28,0.5734058618767129,0.009896005082764196
2016-12-29,0.5434938414995274,0.008536099754608496
2016-12-30,0.40034430579406455,0.004965149631396845
2016-12-31,0.34506753332544515,0.0034486749289181326
2017-01-01,0.3882657894213145,0.004197176750969872
2017-01-02,0.29960135609818,0.0024651569483799558
2017-01-03,0.30253510588968585,0.0026282307383041935
2017-01-04,16.61420699137368,0.41278645047291423
2017-01-05,15.154588924428621,0.3430384256809152
2017-01-06,73.0318541004822,1.7023884192018106
2017-01-07,162.56203529258957,3.73100935706453
2017-01-08,47.60239114391313,1.0279252354745974
2017-01-09,27.38138748976721,0.49944354469416996
2017-01-10,13.616299178523276,0.24570580189445546
2017-01-11,7.924711068436901,0.13469478787838446
2017-01-12,5.202762623057854,0.07905905457377489
2017-01-13,3.7350714696889993,0.048003626205040374
2017-01-14,2.8979727960313215,0.030473460840815623
2017-01-15,6.579302734651883,0.11718710594537624
2017-01-16,5.867804122917251,0.10153715212908418
2017-01-17,9.49761647346789,0.17650609266372602
2017-01-18,7.603457369898447,0.1381299758125606
2017-01-19,5.423913676914176,0.08427789948613881
2017-01-20,3.692383258901283,0.048277466241938086
2017-01-21,2.7070318197463767,0.02850427852006379
2017-01-22,2.1632379640246087,0.017782478700145633
2017-01-23,1.960165074271093,0.014164929226615587
2017-01-24,1.8228794180000454,0.011819153386912576
2017-01-25,1.6180273885197305,0.008184866048789425
2017-01-26,1.5191884077136224,0.0066257003678354106
2017-01-27,1.4487608686544193,0.005830966190571609
2017-01-28,1.3954737098712164,0.005400785945245085
2017-01-29,1.3655451913268104,0.005484171560614296
2017-01-30,1.9312700209760907,0.01811592483684852
2017-01-31,25.410657545813162,0.5741628736343867
2017-02-01,25.16980237895661,0.622475983452184
2017-02-02,17.041864629580484,0.39234544249512077
2017-02-03,10.090568973935467,0.20756568723109814
2017-02-04,5.88722192732305,0.10835082645815883
2017-02-05,3.6770422602954373,0.05826935236863295
2017-02-06,2.511364074684823,0.03238615677748229
2017-02-07,1.9080240124967005,0.019082142327797556
2017-02-08,1.5778225098268217,0.012019408738266154
2017-02-09,1.5481268545848885,0.012486495061043193
2017-02-10,1.4128660165992448,0.009561337096886875
2017-02-11,1.278116115776445,0.006896311857444299
2017-02-12,1.1947280615982088,0.005382561181779477
2017-02-13,1.137335818525138,0.004645354142271898
2017-02-14,1.0950773462777852,0.004252485272819598
2017-02-15,1.464840807218625,0.013239070060660947
2017-02-16,1.987584252515982,0.024595396519212755
2017-02-17,1.4379335542884752,0.013145929569985117
2017-02-18,1.1456439907784262,0.0073420340223584795
2017-02-19,1.0097199969330772,0.005032253148802757
2017-02-20,1.1457130997586544,0.009368001242281983
2017-02-21,0.9897325059204914,0.0060650616136492565
2017-02-22,0.9251826384009019,0.004563426234001383
2017-02-23,0.9441036686944911,0.00555498161339093
2017-02-24,0.857805115562612,0.00418598001971006
2017-02-25,0.8159670352629338,0.0035424286786567326
2017-02-26,0.7808374680514534,0.00320053688719696
2017-02-27,0.7491764461489476,0.0028728528522569234
2017-02-28,0.7262744027749487,0.00273465108785182
2017-03-01,0.7836627205547733,0.0032262170976368088
2017-03-02,0.75690741791969,0.0030110527042028334
2017-03-03,0.7638932519324514,0.0031427467182605744
2017-03-04,0.8407341454214385,0.003820751098724936
2017-03-05,0.7127319801714974,0.002936357209812942
2017-03-06,0.6646070668697297,0.0026698050724802734
2017-03-07,0.608597854433967,0.0023188998165934484
2017-03-08,0.9310750036485298,0.004811114768640083
2017-03-09,0.8688704703529225,0.004377788789528495
2017-03-10,0.7800141810272597,0.003728812335386311
2017-03-11,0.6185297979865217,0.0025691196919813268
2017-03-12,0.5556187538877349,0.002171048462847829
2017-03-13,0.5167448838335961,0.001953734721994862
2017-03-14,0.49261596485282283,0.0018335058807249695
2017-03-15,0.5007165134190106,0.0019375329468973872
2017-03-16,0.5221819896004407,0.0021606928680171543
2017-03-17,0.47603827172947555,0.0018617027247698709
2017-03-18,0.45299105008361146,0.0017505688023464483
2017-03-19,0.5837391839821676,0.002661416858224146
2017-03-20,2.0567652595891928,0.01488153333362332
2017-03-21,16.983604647142084,0.12762509099464195
2017-03-22,9.253525609661246,0.0661633270420737
2017-03-23,87.10913332774562,0.6332643655822021
2017-03-24,112.05672534978972,0.8420288853697856
2017-03-25,41.613120402588684,0.27608221963186647
2017-03-26,20.17148309232375,0.13089343045055693
2017-03-27,10.7778451354994,0.06961525431464353
2017-03-28,288.64765706539936,2.145972332863013
2017-03-29,1011.5093423569606,7.519145766293468
2017-03-30,984.3196702936543,7.317327819247877
2017-03-31,161.13990529375747,0.9656030573777649
2017-04-01,61.94260370023877,1.5701425820741663
2017-04-02,21.170536366674845,1.014605908843884
2017-04-03,11.662005538678649,0.6553351390950827
2017-04-04,7.718112477537574,0.40744443107300005
2017-04-05,5.652272376651133,0.25418574703180197
2017-04-06,4.573345597632062,0.17300012190132438
2017-04-07,3.713334659121291,0.10517197416421495
2017-04-08,3.207086210695619,0.06545383417664427
2017-04-09,2.8772595020275613,0.04203762250409574
2017-04-10,2.6570012914164876,0.02814269861117094
2017-04-11,2.5012257887819382,0.019877462066460454
2017-04-12,2.383788382117162,0.014976035314398858
2017-04-13,2.2889627358272424,0.012071065917585732
2017-04-14,2.209318904511307,0.010413561663539152
2017-04-15,2.1358272794714996,0.009325629666441194
2017-04-16,2.0690879726842932,0.00863512229948773
2017-04-17,2.006486318911104,0.008236761067618474
2017-04-18,1.9807968522406754,0.01103833166269038
2017-04-19,1.9034419488625658,0.009169562771051692
2017-04-20,1.8411976515840813,0.00826199081968075
2017-04-21,1.7824409650874828,0.007557054626545706
2017-04-22,1.7806860568781764,0.011863225365218638
2017-04-23,1.8688530019000182,0.023714909746530437
2017-04-24,1.7244821435529947,0.01610879813756045
2017-04-25,1.6130731153181104,0.010131339732920993
2017-04-26,1.5430750787213685,0.007590144166230523
2017-04-27,1.4878350089811692,0.0064799614604774845
2017-04-28,1.4411430327671577,0.005970564748280868
2017-04-29,1.4025991401792297,0.005896455476568467
2017-04-30,1.3584910881879668,0.005592230358958744
2017-05-01,1.3169043427759053,0.005308824194642879
2017-05-02,1.2829405286295736,0.005169902445998397
2017-05-03,1.2412837175265587,0.004953152748711196
2017-05-04,1.2245328106394753,0.0051087333144272246
2017-05-05,1.1805650362655395,0.00484957941926592
2017-05-06,1.1444343035870201,0.004658538719727081
2017-05-07,1.103856896010748,0.004422953849649312
2017-05-08,1.0693682562988454,0.004258147246791939
2017-05-09,1.0511485700485381,0.0043165841915825615
2017-05-10,1.1538704613368596,0.0060878341958456395
2017-05-11,1.0346616945588873,0.004837473057904647
2017-05-12,0.9794617925594654,0.004211882414711292
2017-05-13,0.9682458195185661,0.004297203414316655
2017-05-14,0.9129297373235183,0.0038256525363262396
2017-05-15,0.8759323720057595,0.0035642466387272873
2017-05-16,0.8459573501868686,0.0033921206226670453
2017-05-17,0.8185628811151489,0.0032592956258166196
2017-05-18,1.437760847551479,0.012112283517379105
2017-05-19,103.51596032090683,1.5294434906986878
2017-05-20,31.9599708026757,0.48689456522327723
2017-05-21,23.129180518806432,0.2557814429019081
2017-05-22,8.66152053201368,0.09456034160631725
2017-05-23,4.174972972537852,0.0426511829339115
2017-05-24,2.480599371618583,0.02204580904734889
2017-05-25,1.7277467274589968,0.012728513500267864
2017-05-26,1.371576616289851,0.008304962761302392
2017-05-27,1.1909098479033984,0.006113504613399328
2017-05-28,1.0913726299266937,0.0049855412845053815
2017-05-29,1.030537595317384,0.004388373215791192
2017-05-30,0.9870482057035546,0.004041421911412061
2017-05-31,0.953668592944239,0.003836939003367675
2017-06-01,0.922673245755107,0.0049288476717452645
2017-06-02,0.8948181110591025,0.004684132072496331
2017-06-03,0.8678654219074812,0.0041622915913781975
2017-06-04,0.8420325949497371,0.0037323240689876055
2017-06-05,0.8173056067753015,0.003436278807111813
2017-06-06,0.7947976185355922,0.0067865968550425105
2017-06-07,0.7708270581518392,0.005597843078590256
2017-06-08,0.7483322620761558,0.004275342574086101
2017-06-09,0.7262768093644875,0.003485498772258798
2017-06-10,0.7066147393980776,0.015349011783722468
2017-06-11,0.6855586897806192,0.010946676841469733
2017-06-12,0.6900383621741624,0.0815768624838866
2017-06-13,0.6551430942453548,0.049045920316518
2017-06-14,0.6316057811120166,0.025038307067180163
2017-06-15,0.6106033233597623,0.01253249040747906
2017-06-16,0.5917572559693809,0.0067898528212792025
2017-06-17,0.5752970603827653,0.007208656243950431
2017-06-18,0.5585274464459651,0.008051539172249822
2017-06-19,0.5422611232389473,0.005642557126616862
2017-06-20,0.5265793027839317,0.00391835211525885
2017-06-21,0.5122836508875536,0.006955049440956329
2017-06-22,0.4991428215232234,0.008828728647154123
2017-06-23,0.4834371816080777,0.005156910983927022
2017-06-24,0.4747876849067687,0.051114626495384625
2017-06-25,0.4589985254187382,0.03467291935412909
2017-06-26,0.44595427715582514,0.023139179516201043
2017-06-27,0.4314414600332806,0.013472446329967969
2017-06-28,0.42864900301882725,0.04450678463731478
2017-06-29,0.4100727660579366,0.03042368924836847
2017-06-30,0.39576156084983327,0.016451832859693098
2017-07-01,0.38378111563243295,0.00878751061132101
2017-07-02,0.37247092248118585,0.004953962964794439
2017-07-03,0.36169189008851926,0.00309288564156445
2017-07-04,0.3512721520981822,0.0021856652911181463
2017-07-05,0.3413338931221096,0.0017326536749876812
2017-07-06,0.3322794477902622,0.001498228674765588
2017-07-07,0.3228564472020856,0.0013639587606163743
2017-07-08,0.3139274910698509,0.001281343217223524
2017-07-09,0.3050778501673051,0.0012228325428654398
2017-07-10,0.29656520169067413,0.0011774724060754473
2017-07-11,0.2891546832489325,0.0011434871418158203
2017-07-12,0.2807494414888064,0.0011071797833952803
2017-07-13,0.2814183775063639,0.001127942127841291
2017-07-14,0.26967200628890836,0.0010706678533269236
2017-07-15,0.3608874568551191,0.0016843029332825324
2017-07-16,0.29886509562414637,0.001283539160702778
2017-07-17,0.26799160094262703,0.001104468647830526
2017-07-18,0.24931431631990286,0.0010050858522843986
2017-07-19,0.2361216792010505,0.0009398639983276727
2017-07-20,0.2266418490890984,0.000895933992552802
2017-07-21,0.21919840094059997,0.0008634468753642562
2017-07-22,0.21272314428482228,0.0008364421617245524
2017-07-23,0.20674087420589032,0.0008121699668048593
2017-07-24,0.20224724362122995,0.0007953759048689541
2017-07-25,0.1964932052934719,0.0007721304849638446
2017-07-26,0.1912993715714098,0.0007514688094010568
2017-07-27,0.1858559474718876,0.0007296861808525288
2017-07-28,0.18064385103538275,0.0007089356634345403
2017-07-29,0.17575810362228686,0.0006895770443914473
2017-07-30,0.17105427964020947,0.0006710103369306626
2017-07-31,0.16652538871479097,0.000653148472620978
2017-08-01,0.16213723852066575,0.0006358617281114384
2017-08-02,0.15812882508822487,0.0006200755192654499
2017-08-03,0.15624427002325447,0.0020014356731919048
2017-08-04,0.1514067342158057,0.001709181925581746
2017-08-05,0.1471045340677217,0.0012868939592663186
2017-08-06,0.14323130826893557,0.001088230266924811
2017-08-07,0.14042495693358106,0.0024752994028768545
2017-08-08,0.13834504840454556,0.0035760380565585757
2017-08-09,0.13344456735349322,0.002097404846384833
2017-08-10,0.12958653302584586,0.001392210882449485
2017-08-11,0.12575843398940506,0.0009779320169061745
2017-08-12,0.12228829380051279,0.0007438655911896219
2017-08-13,0.1191124364045663,0.0006115366163804845
2017-08-14,0.11615627551005402,0.0005347586725964258
2017-08-15,0.11323959783795251,0.0004876783867455374
2017-08-16,0.1109333760725122,0.0007209024597003214
2017-08-17,0.10811509453128959,0.000731548631350217
2017-08-18,0.1054915184691485,0.0006501815443358584
2017-08-19,0.10288971778182503,0.0005593085676931793
2017-08-20,0.10041207719218456,0.0004886255974613488
2017-08-21,0.09806658807719107,0.0004398648904048164
2017-08-22,0.09565058845859999,0.0004064718299183485
2017-08-23,0.09347311899659255,0.0003840083310745106
2017-08-24,0.09122964268306434,0.000367215906451266
2017-08-25,0.08902806291097938,0.00035404145949455767
2017-08-26,0.08703964495964303,0.00034365716476386025
2017-08-27,0.08518622880855843,0.0003349185747325627
2017-08-28,0.0831998882719429,0.00032626179423548207
2017-08-29,0.08127972542756853,0.0003182293486752482
2017-08-30,0.07943333962347406,0.0003106982549909566
2017-08-31,0.0772731496276596,0.0003025193690169158
2017-09-01,0.07366999363996397,0.0002908742089858954
2017-09-02,0.06679987326310147,0.0002678845926529522
2017-09-03,0.057469631466478134,0.0002356113494801588
2017-09-04,0.047504408384341064,0.00019779865640295747
2017-09-05,0.0390908817766186,0.00016315096168481382
2017-09-06,0.03288809494380852,0.0001774009956350201
2017-09-07,0.02858913592869888,0.0001583373818365177
2017-09-08,0.026175402750249373,0.00018117687243236457
2017-09-09,0.024690310314494524,0.00018284668830378437
2017-09-10,0.02380632681411395,0.00016946046088105155
2017-09-11,0.023211177161975596,0.00015077811073159396
2017-09-12,0.022731264393240004,0.00013291901972577346
2017-09-13,0.02243590075706385,0.00011878208814502352
2017-09-14,0.022087621376716493,0.00010772362493055271
2017-09-15,0.02188209473515118,0.00010009420753173088
2017-09-16,0.021746352743016093,9.488792772889147e-05
2017-09-17,0.021631727285432657,9.129514783415898e-05
2017-09-18,0.021514714060477672,8.87465060605708e-05
2017-09-19,0.0214895977452043,8.727982101590174e-05
2017-09-20,0.021377922308585595,8.592237854987287e-05
2017-09-21,0.02115910309214992,8.445162746381534e-05
2017-09-22,0.02108022091955736,8.373992939861561e-05
2017-09-23,0.02094440248981477,8.292697685561589e-05
2017-09-24,0.020721419430639206,8.185568441553843e-05
2017-09-25,0.0205395584879103,8.100585352343688e-05
2017-09-26,0.020377642318860047,8.02624433251822e-05
2017-09-27,0.02041972191767245,0.00013283239149981563
2017-09-28,0.0202696819827946,0.00014223348965074046
2017-09-29,0.020069434606403504,0.0001348735710390571
2017-09-30,0.020019542284207804,0.00012327921709939072
2017-10-01,0.02005311977475346,0.00011213687849239149
2017-10-02,0.02111239009522914,0.0001786304654877574
2017-10-03,0.05761393929202838,0.0026293587665429177
2017-10-04,0.04240066795881021,0.0020249342725453083
2017-10-05,0.0896209626909229,0.005839602567727238
2017-10-06,0.05799293800212204,0.0038956659818178293
2017-10-07,0.04517651444595557,0.0025988598125362655
2017-10-08,0.03516306080286849,0.001673886494276227
2017-10-09,0.028446442991957234,0.0010885315997606266
2017-10-10,0.02434758649050589,0.0007281754033284384
2017-10-11,0.02198478741366566,0.0005032880245666659
2017-10-12,0.020590112251035513,0.0003590856885523021
2017-10-13,0.019745204267129408,0.00026460738976432144
2017-10-14,0.14745043466791805,0.007792862352211062
2017-10-15,0.09459006670398028,0.005487197342110732
2017-10-16,0.06602934650542037,0.003582394116154301
2017-10-17,0.17892685432542482,0.013679132539354424
2017-10-18,0.6032906077919153,0.0478597181579627
2017-10-19,2.2324296637349166,0.12926007076982163
2017-10-20,1.0337680626617562,0.06018963139315537
2017-10-21,0.8256028788290346,0.03268324823039229
2017-10-22,0.6618858352924182,0.02370530731328492
2017-10-23,0.42924350281059714,0.012054270892508313
2017-10-24,0.36109836451880895,0.009360460685729403
2017-10-25,0.30515722798700706,0.005765730187587778
2017-10-26,0.28155814315830224,0.003687090221567416
2017-10-27,0.26208441863779236,0.0025053947096908952
2017-10-28,0.24886653015909987,0.0018612279387341677
2017-10-29,0.23926830368900845,0.0015031679346189993
2017-10-30,0.23134926720075116,0.0013000082420179977
2017-10-31,0.24624057704124205,0.0018811741513371043
2017-11-01,0.8341222000563044,0.157819272830471
2017-11-02,0.44054329687242755,0.07608053715780945
2017-11-03,0.32937226869324976,0.04057049576891853
2017-11-04,0.2580884023161975,0.02070053410954831
2017-11-05,0.22133343681646006,0.010909206100788932
2017-11-06,0.20527940155994598,0.006604209972454493
2017-11-07,0.1921052273065693,0.003760293892155199
2017-11-08,0.18598390005023233,0.0027482988546081665
2017-11-09,0.3737563304092714,0.06057349996769285
2017-11-10,0.26404915187796085,0.03439076821959845
2017-11-11,0.21463949290952306,0.018914339127073753
2017-11-12,0.32530688674560815,0.04329233742963743
2017-11-13,0.2591356288280199,0.03609083980140782
2017-11-14,0.2822779560373761,0.043315947893492475
2017-11-15,0.2168062990064346,0.025417140597663646
2017-11-16,0.18424813696360234,0.015252390701960175
2017-11-17,0.16176636388763646,0.008832494302516774
2017-11-18,0.14886234754046843,0.005327849366193311
2017-11-19,0.14017832131750627,0.0032980767705091765
2017-11-20,0.42482277883442754,0.07897693607645372
2017-11-21,0.38969650937353106,0.07103362840761579
2017-11-22,0.32732270520164264,0.06199545623669908
2017-11-23,0.23668324014108436,0.040503991431496925
2017-11-24,0.19770133631362952,0.027556117349268185
2017-11-25,0.15512214803105456,0.015166854794224006
2017-11-26,0.13250573524949827,0.008662213855055622
2017-11-27,0.11885670245902163,0.005103614209952456
2017-11-28,0.11066255240162927,0.0031355344678233843
2017-11-29,0.1256361271725742,0.008342599002211109
2017-11-30,0.33340654681739407,0.06317776406543266
2017-12-01,0.29681942592080773,0.05749513428184532
2017-12-02,0.3784137693126726,0.07076528522570567
2017-12-03,0.41022578009434163,0.07764177461020941
2017-12-04,3.954981587379113,0.6481821100851912
2017-12-05,5.248370116077763,0.704574148033785
2017-12-06,2.86737942826058,0.268298338958588
2017-12-07,1.8338958064615913,0.10844059721952647
2017-12-08,1.07204894240398,0.04306305242033022
2017-12-09,0.7277135828865144,0.018661473792424575
2017-12-10,0.6399142023324178,0.019008452064242835
2017-12-11,0.5714004625459207,0.012550729645539991
2017-12-12,0.5336024520271309,0.007805908593093587
2017-12-13,0.5176869231389204,0.007730255910685092
2017-12-14,0.49640027713002205,0.005710320126890449
2017-12-15,0.4743443841652075,0.0036049904479916557
2017-12-16,0.462905588506722,0.0039112047929151204
2017-12-17,0.4441314652652877,0.0027733877189505393
2017-12-18,0.43165811875864946,0.002777945232049163
2017-12-19,0.4197021868773795,0.002739221267501604
2017-12-20,0.40603857761486384,0.0022558863193559205
2017-12-21,0.3941727494260222,0.0019124375380146846
2017-12-22,0.3824376825451626,0.0017408478100689312
2017-12-23,0.3708027783068079,0.001592995678347862
2017-12-24,0.3600122931390818,0.0014953100048967
2017-12-25,0.34962809362869895,0.001426206209512045
2017-12-26,0.33960540407527456,0.0013722725498019313
2017-12-27,0.3300003056938362,0.0013268351347846463
2017-12-28,0.3207530815649578,0.0012862414499809145
2017-12-29,0.31159760378135776,0.0012477302504127223
2017-12-30,0.3030341882937346,0.001212445593499641
2017-12-31,0.2945332006522659,0.0011778424097337768
2018-01-01,0.2877294390915093,0.0011590926004004887
2018-01-02,0.3921216270024314,0.002265854811253349
2018-01-03,0.3133285023164136,0.001565245539968053
2018-01-04,0.2837893171142837,0.0012917043365514203
2018-01-05,0.2701453536511833,0.0011891327391024885
2018-01-06,0.2727452244168623,0.001277970493556089
2018-01-07,0.25687700652288203,0.001168627541972226
2018-01-08,0.2582814955650752,0.0012153501032475405
2018-01-09,0.2455213754259861,0.0011297696008842426
2018-01-10,0.2403039818962631,0.0011032200322824157
2018-01-11,0.2224232360059124,0.0009505168613900048
2018-01-12,0.21246016163548587,0.0008798086864227444
2018-01-13,0.20515851176013641,0.0008351660795004194
2018-01-14,0.19881698181682533,0.0008018122292386005
2018-01-15,0.24105447422417148,0.0012645747651535608
2018-01-16,0.19922261239016512,0.0008792401940043191
2018-01-17,0.18741819557984501,0.0007902599352183402
2018-01-18,0.1804765785896227,0.0007482483942978605
2018-01-19,0.17471892224337313,0.0007134026110479157
2018-01-20,0.16949619673062524,0.0006852866539913665
2018-01-21,0.16501301088319092,0.000663017751063797
2018-01-22,0.16331499646377556,0.0006689970748856803
2018-01-23,0.15709110129809511,0.0006411520435077407
2018-01-24,0.15667877162291172,0.0006645009491424871
2018-01-25,0.42805723019010194,0.003733856536128755
2018-01-26,0.7107169071155341,0.00711006015806894
2018-01-27,0.38346868359296016,0.003502147514361632
2018-01-28,0.2733749826314988,0.0022155878853550156
2018-01-29,0.19044429314959238,0.001311700155971617
2018-01-30,0.15318154214778665,0.0009077159518002904
2018-01-31,0.4193858707272577,0.0037176741281180876
2018-02-01,0.23888920095057448,0.001942813880422771
2018-02-02,0.1736063505660777,0.0012093381652549082
2018-02-03,0.13385111481401005,0.0008049286887158293
2018-02-04,3.2717715535822456,0.05669188428276771
2018-02-05,1.2775158734016712,0.020315947698267153
2018-02-06,0.9694448199566906,0.011129470103836801
2018-02-07,0.6730780183632856,0.006190142307332097
2018-02-08,0.5157068241667249,0.0037351460458566366
2018-02-09,0.45619831339387534,0.002795857575654936
2018-02-10,0.4118187351959137,0.0021253897401972083
2018-02-11,0.3868793672472245,0.0017721690359507433
2018-02-12,0.370299423935265,0.0015829275816730338
2018-02-13,0.3575852907464274,0.0014732631191348446
2018-02-14,0.3464817726549941,0.0014007789104138265
2018-02-15,0.33618121330823203,0.0013461741445487925
2018-02-16,0.33075145985193954,0.001352207760691311
2018-02-17,0.6575947309029669,0.006905479288649071
2018-02-18,0.4408925173908155,0.0038417184833351337
2018-02-19,0.37335624475588286,0.0025476721875545357
2018-02-20,0.32431024649292306,0.0017983131358706452
2018-02-21,0.7949794572588735,0.010180458351657252
2018-02-22,0.5352701612813038,0.006188648329992538
2018-02-23,1.82700507499907,0.028382589200408162
2018-02-24,0.9071209327393013,0.012358750509881698
2018-02-25,1.1640790756812514,0.01731359279806574
2018-02-26,0.8107854673367835,0.009303040768790707
2018-02-27,0.5883759999879903,0.0048295916569579605
2018-02-28,1.3754427017543789,0.015880622965842285
2018-03-01,3.8101377796439797,0.14863531272967537
2018-03-02,4.525634548189804,0.20742293506563494
2018-03-03,4.383793704298525,0.15912828379416896
2018-03-04,2.1306868862303157,0.06115667198993697
2018-03-05,1.4144591109578128,0.025966061621847534
2018-03-06,0.9420588393288418,0.011337430919858952
2018-03-07,0.8225238512321866,0.008836858547083782
2018-03-08,0.837946932178308,0.011418083645054927
2018-03-09,0.7964729789458823,0.010526357939900505
2018-03-10,0.7522574017396283,0.009150340022703542
2018-03-11,0.6709134256964505,0.006217118310503004
2018-03-12,0.6158677816652957,0.004161225405228197
2018-03-13,0.5815978910626314,0.003102607851987936
2018-03-14,0.5573202276788203,0.0025786802262540006
2018-03-15,0.5383622994800936,0.00230943021188057
2018-03-16,0.5216843550725614,0.002155031978622462
2018-03-17,0.5063654795790455,0.002053665592225325
2018-03-18,0.4917657983240887,0.0019767366442877215
2018-03-19,0.4776529629588537,0.0019116251334667532
2018-03-20,0.48700982554327116,0.0031632580774125837
2018-03-21,0.48049809379734654,0.0035569323847760223
2018-03-22,0.46099937132995583,0.003191025466662078
2018-03-23,0.7206517258144165,0.015208548406357564
2018-03-24,0.9173837887154307,0.02763399037580711
2018-03-25,0.6388497848164529,0.014887203679819855
2018-03-26,4.902202187378308,0.2272401162652929
2018-03-27,3.8990338945762697,0.18312297355519194
2018-03-28,1.6671322696403752,0.06741219444603073
2018-03-29,1.1610575436100152,0.029084154453636473
2018-03-30,0.7789081109398724,0.012602974236529835
2018-03-31,0.6476062917819139,0.007558897791829594
2018-04-01,0.5904962099558413,0.0049032446660956415
2018-04-02,0.6995827853282497,0.00643060370881623
2018-04-03,89.84215363910768,1.9311338886932636
2018-04-04,71.55794468776871,1.5340406584849222
2018-04-05,31.57550609635656,0.6196978766369785
2018-04-06,16.76878906721308,0.3020312014636356
2018-04-07,8.870904962908025,0.150928553953076
2018-04-08,5.200252401627265,0.07979962006652348
2018-04-09,3.426886363040189,0.04481253318267861
2018-04-10,2.506726179630496,0.026599429663554785
2018-04-11,2.00810697001814,0.016808692181740754
2018-04-12,2.095364871169427,0.01907652745632481
2018-04-13,3.851392369461644,0.05896621583694223
2018-04-14,3.4646754350126274,0.05261691192653779
2018-04-15,5.050879921522499,0.0816642272957505
2018-04-16,4.518022877297929,0.07029284901867303
2018-04-17,3.3103982684863884,0.04558213969694187
2018-04-18,2.4640914678490047,0.028316558298992
2018-04-19,1.926275352251307,0.017828225835218516
2018-04-20,1.6096199854937747,0.011843010276833144
2018-04-21,1.427557318938519,0.008516215861033335
2018-04-22,1.3100954853778184,0.006571693085996795
2018-04-23,1.2351564186504256,0.005476180380304531
2018-04-24,1.1793479076516922,0.004834081123184048
2018-04-25,1.13535794745564,0.004446856273455451
2018-04-26,1.0994771716115488,0.004221606567521576
2018-04-27,1.0646716754200987,0.0040305920543311224
2018-04-28,1.0328559013073662,0.003881033447755603
2018-04-29,1.0412806289709289,0.004561177845252581
2018-04-30,0.9914565685889949,0.0041116944646742894
2018-05-01,0.9513227711726049,0.0037212373331791033
2018-05-02,0.9822883975157718,0.016218394097464492
2018-05-03,0.9315700475330952,0.0128446653773393
2018-05-04,0.8829543208282432,0.007764696393637083
2018-05-05,0.8477027892156122,0.005281957829490231
2018-05-06,0.8169224505129709,0.003910058977483157
2018-05-07,0.7910552302694334,0.0033110591568852677
2018-05-08,0.767959022474317,0.003186138486488863
2018-05-09,0.7448361931208021,0.002960844834981647
2018-05-10,0.7241595632655797,0.0029438006564784427
2018-05-11,0.7024563891231644,0.002775528670350119
2018-05-12,0.6818931569793658,0.0026244933039482905
2018-05-13,0.6618383035817815,0.0025074881993282574
2018-05-14,0.6423789215788572,0.002414140194555084
2018-05-15,0.6236108946650558,0.0023343986898312994
2018-05-16,0.6056419122452655,0.0022628885361305646
2018-05-17,0.5884362417566489,0.0022132846494087063
2018-05-18,0.5713249488171159,0.0021404798200792816
2018-05-19,0.554770904187348,0.0020734109625588737
2018-05-20,0.5395334035802898,0.0020891189495797083
2018-05-21,0.5237020052372352,0.002016337103660567
2018-05-22,0.508709117633832,0.001934765849626296
2018-05-23,0.4938669713279057,0.0018614720273645417
2018-05-24,0.4796933383164886,0.0017988719338048644
2018-05-25,0.4666152822480211,0.001888872750329925
2018-05-26,0.4563774345601707,0.0023975374690152927
2018-05-27,0.44276402514091334,0.0022458860064075497
2018-05-28,0.44412277240643905,0.0046923807324751625
2018-05-29,0.4234253736762379,0.0032531085964503294
2018-05-30,0.4077347878646429,0.0023810671473454012
2018-05-31,0.3939281406352865,0.001902179964712349
2018-06-01,0.38147709220226006,0.0016348857243781065
2018-06-02,0.3700716711732993,0.0014834063016619168
2018-06-03,0.36144249834090136,0.0014209300684287637
2018-06-04,0.3501104172898428,0.0013434789927086919
2018-06-05,0.3396081419181771,0.0012852958815241773
2018-06-06,0.32993206841288963,0.0012398745402438175
2018-06-07,0.3205971864057897,0.0012005148023512852
2018-06-08,0.3117633041557723,0.0011653838752316609
2018-06-09,0.3300419174391822,0.0016335636073385694
2018-06-10,0.30697162809420997,0.0013214787059748882
2018-06-11,0.29417522429763915,0.0011994456267386854
2018-06-12,0.2822251023173915,0.001107543255957932
2018-06-13,0.27230530870637765,0.0010438943952588802
2018-06-14,0.2638924333498751,0.0009987142296043335
2018-06-15,0.2561737778605872,0.0009629942137363216
2018-06-16,0.24896107080659716,0.0009326613076694872
2018-06-17,0.24217371241617144,0.0009056710839875899
2018-06-18,0.23544480167909637,0.0008797160286445946
2018-06-19,0.22897427115498725,0.0008551684514356756
2018-06-20,0.2227494410165037,0.0008317551020211353
2018-06-21,0.2166676393196219,0.0008089693208677052
2018-06-22,0.2720401855984746,0.001986443135712271
2018-06-23,0.29748284815393605,0.002361489527916335
2018-06-24,0.24673494556433273,0.0015793265082641908
2018-06-25,0.22144616945480644,0.0012023124467976257
2018-06-26,0.20259681048659361,0.000958805555890095
2018-06-27,0.20471345806256808,0.0010300775398038183
2018-06-28,0.20267531586003337,0.0010963463003988165
2018-06-29,0.18836344264338103,0.0008824705427147026
2018-06-30,0.17753152281659643,0.0007666019470627579
2018-07-01,0.16907249113424477,0.0006881732918368447
2018-07-02,0.16287401362473763,0.0006396078298741264
2018-07-03,0.1575272199677836,0.0006044426064753675
2018-07-04,0.15299140059328045,0.0005800121689986012
2018-07-05,0.14892306641321387,0.0005609442607177011
2018-07-06,0.14505225761492457,0.000544483864984409
2018-07-07,0.1415614108271642,0.0005321161812256829
2018-07-08,0.14745101531894994,0.0006322643229789011
2018-07-09,0.139151364656892,0.0005741080165131649
2018-07-10,0.1343774138066206,0.0005379839142892842
2018-07-11,0.1378033683649942,0.000599083042051937
2018-07-12,0.13025147939019968,0.0005479723029604297
2018-07-13,0.12501730175664955,0.0005098903297575979
2018-07-14,0.12021099615964168,0.0004764827591766666
2018-07-15,0.11640484133742494,0.00045182442659398434
2018-07-16,0.1129461972219153,0.0004321417056024156
2018-07-17,0.10984639130849894,0.0004164927298585001
2018-07-18,0.10696620068578071,0.00040339078397315885
2018-07-19,0.10429510096421933,0.0003920991329950457
2018-07-20,0.10174513078633877,0.0003818626452557304
2018-07-21,0.0991811507352705,0.00037187030517186944
2018-07-22,0.09677149293328655,0.00036265665877588415
2018-07-23,0.09458847223148069,0.00035442301418717225
2018-07-24,0.09232475862470843,0.00034591220002020475
2018-07-25,0.09033086716194505,0.0003384904178905404
2018-07-26,0.08807928094376495,0.0003300563018103422
2018-07-27,0.08633101060529556,0.00032553576444501923
2018-07-28,0.08425819328627886,0.00031790096229502326
2018-07-29,0.08241021736992077,0.00031069692433944473
2018-07-30,0.08035373374726469,0.00030250184166233184
2018-07-31,0.07849311083043932,0.0002951507897168232
2018-08-01,0.07670200132154255,0.00028817660553051084
2018-08-02,0.07499488045143973,0.00028162510904292776
2018-08-03,0.07356555866680307,0.00028321328536494417
2018-08-04,0.07189796150319422,0.00027711681386682186
2018-08-05,0.0703356721768005,0.0002696372140139096
2018-08-06,0.0687938690562567,0.00026215553307840756
2018-08-07,0.06745217609878572,0.00025583874415907576
2018-08-08,0.06597051051754821,0.0002493708941255274
2018-08-09,0.06455182338413272,0.00024347833517204213
2018-08-10,0.0631527387157997,0.00023787692725538016
2018-08-11,0.06180195839776099,0.00023260711934892597
2018-08-12,0.06042581617410935,0.00022732020606150633
2018-08-13,0.05880777120277891,0.00022054547975232776
2018-08-14,0.057004774322298106,0.0002127164336638822
2018-08-15,0.054045606979523576,0.0002157598440851182
2018-08-16,0.04829036644716313,0.00018885976764466638
2018-08-17,0.0409139712283667,0.00015626756378502921
2018-08-18,0.03414738889572566,0.00012965425602886948
2018-08-19,0.02871604014262084,0.00010962871224827024
2018-08-20,0.025355282761958305,9.73711539571406e-05
2018-08-21,0.02333871879785191,9.005886796880921e-05
2018-08-22,0.022067466000482393,8.546599142888843e-05
2018-08-23,0.02126615076476642,8.257877128517963e-05
2018-08-24,0.020884955548755614,8.125005443455042e-05
2018-08-25,0.02064436460168942,8.039929412147734e-05
2018-08-26,0.020554541667585125,8.215928298547564e-05
2018-08-27,0.06338230174721646,0.0013613365489661992
2018-08-28,0.03571926816687399,0.000714832510635143
2018-08-29,0.03003352808458963,0.0005314043435506402
2018-08-30,0.026445430943343624,0.0003891977594237416
2018-08-31,0.023804066872191193,0.0002860294037526267
2018-09-01,0.022075682368441242,0.00021591860023427716
2018-09-02,0.020906502328728812,0.00016858385862049313
2018-09-03,0.020326966120012693,0.00013773199281841308
2018-09-04,0.020019323500522018,0.00011731161453255515
2018-09-05,0.12951823665727832,0.001320825096257772
2018-09-06,0.08488229977446632,0.000768177111407599
2018-09-07,0.057744809092257245,0.0004502928061306184
2018-09-08,0.041944055421107504,0.00029018003709449714
2018-09-09,0.032198206660360884,0.00020006007934145065
2018-09-10,0.02734761908812376,0.00015862094396329725
2018-09-11,0.023607655642897372,0.00012165482368903641
2018-09-12,0.021972806261049714,0.0001049759999751056
2018-09-13,0.020906070013204374,9.438795141579038e-05
2018-09-14,0.020144892252804764,8.726636137237617e-05
2018-09-15,0.01963932400237201,8.249725667173873e-05
2018-09-16,0.01921475095392905,7.888181156616839e-05
2018-09-17,0.018917706635356617,7.635308369842743e-05
2018-09-18,0.03362441897056536,0.00024250134173610998
2018-09-19,0.02599233557270043,0.0001484865280418396
2018-09-20,0.022878153406380275,0.00011844451464690453
2018-09-21,0.020994933168666467,0.0001007313784303351
2018-09-22,0.019835465443861448,8.944498633752856e-05
2018-09-23,0.019146349395324357,8.234686876786365e-05
2018-09-24,0.018596267455083457,7.729752714570858e-05
2018-09-25,0.02168977521194428,0.00010589627543332292
2018-09-26,0.020930037268574415,9.971329505251455e-05
2018-09-27,0.019939936461844963,9.074325065667961e-05
2018-09-28,0.019115039710579634,8.339682277436626e-05
2018-09-29,0.018537766522314918,7.814923642458072e-05
2018-09-30,0.01812680169523189,7.444248088724274e-05
2018-10-01,0.01929161765577323,8.980359067764495e-05
2018-10-02,0.018332085275290167,7.734777180094502e-05
2018-10-03,0.018141494493129764,7.4883436133078e-05
2018-10-04,0.01779481045686787,7.214528342312001e-05
2018-10-05,0.017533408340982673,6.999557424411688e-05
2018-10-06,0.017498982058639572,6.902492102301573e-05
2018-10-07,0.01751362100965381,6.848735094934879e-05
2018-10-08,0.017396118231619562,6.76099204548345e-05
2018-10-09,0.01722535520253678,6.666940052475004e-05
2018-10-10,0.017090568983453378,6.5964855657731e-05
2018-10-11,0.016996278797890972,6.548228662597291e-05
2018-10-12,0.018639673173689014,8.435226560411213e-05
2018-10-13,0.1851200369498896,0.0031868582302636323
2018-10-14,0.5361887397563885,0.011858748495679658
2018-10-15,0.241929198280384,0.005613273522625253
2018-10-16,0.1476691871921818,0.0030169132038031705
2018-10-17,0.0890783454988501,0.0017252716729917227
2018-10-18,0.10080139209871027,0.0020501597508293563
2018-10-19,0.06371125882786853,0.001251658946839136
2018-10-20,0.046131421140777513,0.0007954261943323325
2018-10-21,0.0344248536252799,0.0005133960099928765
2018-10-22,0.027138445455519244,0.00034455460808508956
2018-10-23,0.023336418491877012,0.0002521331945674874
2018-10-24,0.020825027651501283,0.00018996225810320578
2018-10-25,0.019281142384613682,0.00014922671308986328
2018-10-26,0.018221432950957368,0.00012151233577351545
2018-10-27,0.017452353069127968,0.00010242032188206327
2018-10-28,0.01706352038925479,8.995161917750441e-05
2018-10-29,0.01695979349234569,8.204711273642215e-05
2018-10-30,0.020455995582805572,0.00014228468600626743
2018-10-31,0.02050965048792631,0.00015637029987790058
2018-11-01,0.1045034634313649,0.00074820593928709
2018-11-02,0.09082766698573022,0.0005991815214359344
2018-11-03,0.06204805542652027,0.00038415022801803125
2018-11-04,0.0430147793829389,0.00024662741846978207
2018-11-05,0.03165280788277162,0.00016884450642344745
2018-11-06,0.025150233814889077,0.00012505255737049569
2018-11-07,0.02149846061414328,0.0001003447923476812
2018-11-08,0.01933643851429049,8.56925528706315e-05
2018-11-09,0.020647707310884125,8.88068374383212e-05
2018-11-10,0.02111398575712372,8.828589988393336e-05
2018-11-11,0.02643916809587389,0.00012004911635527125
2018-11-12,0.0229446633261472,0.00010005854751356935
2018-11-13,0.02114427537176674,9.06756732053196e-05
2018-11-14,0.02183490892127634,9.656692401451919e-05
2018-11-15,0.02018789087937692,8.715077723977892e-05
2018-11-16,0.019175362176388124,8.106301523034226e-05
2018-11-17,0.048915048845833774,0.0002539031538705223
2018-11-18,0.037535876784300974,0.00018688504448010753
2018-11-19,0.03280331222187354,0.0001644442383810489
2018-11-20,0.0356780730079145,0.00018913152517293348
2018-11-21,0.02690793109987383,0.00013022500467782633
2018-11-22,0.02350040920479841,0.00010883990307414467
2018-11-23,0.16876673394857325,0.0010061747060171957
2018-11-24,0.10225089729834987,0.0005850930699521324
2018-11-25,0.07643206745787157,0.00041816157660735134
2018-11-26,0.05186244486832414,0.0002696722046466782
2018-11-27,0.03651646940003697,0.00018007982235167808
2018-11-28,0.027561582018365012,0.00012920559793305712
2018-11-29,0.022622930792488196,0.00010122450621664697
2018-11-30,0.01998383909944782,8.592634033014235e-05
2018-12-01,0.01818363557416893,7.58276508497051e-05
2018-12-02,0.017147361512910807,6.987418804632333e-05
2018-12-03,0.016613336516914542,6.654769402297108e-05
2018-12-04,0.23372314158752072,0.012765647503389703
2018-12-05,0.38020377098018004,0.021451996178082418
2018-12-06,0.32048500538602787,0.018158368577075906
2018-12-07,0.8524698980751777,0.04909604218429534
2018-12-08,0.4564932079851344,0.023238917388691264
2018-12-09,0.3472671786586385,0.01540596235807477
2018-12-10,0.4237665933126725,0.017621931955012368
2018-12-11,0.2793748065263535,0.007338026814024022
2018-12-12,0.2382313865330176,0.004963932795204385
2018-12-13,0.35901095239201947,0.011693200739634178
2018-12-14,4.546387214573779,0.2575048574135258
2018-12-15,1.5247577506982197,0.06815354593494767
2018-12-16,0.9540606918151323,0.026267619976988697
2018-12-17,7.93758326643474,0.4465531626320744
2018-12-18,3.3149157255265567,0.1738327039875267
2018-12-19,1.8448837493612205,0.05874644222446014
2018-12-20,1.1460241522860997,0.02230261463975783
2018-12-21,0.8346844183100842,0.009991749421846035
2018-12-22,0.7141534891135437,0.005555979714603919
2018-12-23,0.6622886121089407,0.0038078170796940715
2018-12-24,6.015912997784298,0.32295081219627536
2018-12-25,3.512732133555157,0.17549448459277972
2018-12-26,1.6240556434171625,0.06151942936542669
2018-12-27,0.9970276342165661,0.02428016905449414
2018-12-28,0.7706533368867616,0.010834675653621314
2018-12-29,0.7715903259951193,0.011307732445019533
2018-12-30,0.8792339855290789,0.017356500966369957
2018-12-31,0.7055889468490782,0.008818744529809536
2019-01-01,0.6350751702723095,0.0051841154035705845
2019-01-02,0.5969856189720233,0.003567142660504544
2019-01-03,0.5654162250227572,0.00274715382886614
2019-01-04,0.5532870822756082,0.0024836869026969703
2019-01-05,0.5327083653374487,0.00224852985203651
2019-01-06,0.5125208464446985,0.0020650322373165337
2019-01-07,0.49603950667250896,0.001958013468117124
2019-01-08,0.665763776114017,0.004356152778105481
2019-01-09,75.8080621623651,1.0830988771165657
2019-01-10,49.66063625109782,0.6827530925856784
2019-01-11,193.55947967436052,2.5843207882280246
2019-01-12,51.06234339848186,0.6399086070944625
2019-01-13,33.48325135289302,0.3345325456851752
2019-01-14,14.386539183162828,0.15067255001370736
2019-01-15,7.777412880765649,0.07872897258964699
2019-01-16,4.939268947144539,0.04540142817735943
2019-01-17,3.5138190151243403,0.027976468782073646
2019-01-18,2.7485376915039637,0.018503706273069426
2019-01-19,2.3019554736791914,0.013040109878066157
2019-01-20,2.0444948021395395,0.010004229149894147
2019-01-21,1.8883049257274962,0.008318748948287432
2019-01-22,1.8025837865234429,0.0075696434486859695
2019-01-23,1.719519404190934,0.006910775646214418
2019-01-24,1.658940884874119,0.0065277250885391195
2019-01-25,1.604749699762684,0.006258056356110481
2019-01-26,1.5580428368065484,0.006067614350865172
2019-01-27,1.5920879805666537,0.006852642684206709
2019-01-28,9.613556230459679,0.11963210291704689
2019-01-29,65.65656659945591,0.8879726103082102
2019-01-30,290.52537631800783,3.973037957710015
2019-01-31,60.04630755550078,0.7798081732044336
2019-02-01,37.76334692305084,0.43963203503589054
2019-02-02,16.58699462650925,0.21595795922046448
2019-02-03,9.137760906122958,0.1196679506950755
2019-02-04,63.970127735482045,1.0449981673988673
2019-02-05,143.28623394912185,2.557933210035741
2019-02-06,107.22640505909811,1.9100668563931085
2019-02-07,238.4854448194206,4.123851411845247
2019-02-08,123.12086487431331,2.1687743950976275
2019-02-09,51.24736055719308,0.7577526993231463
2019-02-10,27.422851412090406,0.38388310391713437
2019-02-11,15.838642545372116,0.21822454942941472
2019-02-12,10.50282843805333,0.13480157858415995
2019-02-13,7.4983443660864255,0.0856674446315689
2019-02-14,5.694183019863798,0.05617100003299956
2019-02-15,4.575611510577786,0.03808769940226541
2019-02-16,3.871701117444478,0.026990315425269727
2019-02-17,3.4190299351392444,0.02016799669789832
2019-02-18,3.121494813050719,0.01600321094313835
2019-02-19,2.917130579267882,0.013458059848816976
2019-02-20,2.769002188270975,0.01189368537912598
2019-02-21,2.749170641973218,0.012440251445214752
2019-02-22,2.653105236950779,0.011832914337743571
2019-02-23,2.5233633496667083,0.010620975391990493
2019-02-24,2.7014369409881276,0.014375822157031756
2019-02-25,2.5986006381978237,0.013913274448754228
2019-02-26,2.415173401443497,0.011304916322936258
2019-02-27,2.2644409507313004,0.009859110668654018
2019-02-28,2.328380326253001,0.011839103510230004
2019-03-01,2.308149795076226,0.012157943932782344
2019-03-02,2.1417116314660514,0.010046220751853666
2019-03-03,2.0732694158953735,0.009627404975496204
2019-03-04,2.002705757203434,0.009226436044992408
2019-03-05,1.9206836754329255,0.008545317111930696
2019-03-06,2.0971575771756497,0.011903003966028967
2019-03-07,8.806200279452284,0.11339152128122477
2019-03-08,16.351591829611646,0.23404683858838274
2019-03-09,19.296742841609433,0.2791643137123253
2019-03-10,13.21789028456761,0.17758729803394108
2019-03-11,8.134698486994644,0.096457480086686
2019-03-12,4.9364739442008725,0.05102854803967071
2019-03-13,3.368177918335472,0.02970576509073358
2019-03-14,2.4876197300373626,0.01799203685277358
2019-03-15,2.0396287455854027,0.012135435824651552
2019-03-16,1.7992026293436596,0.00919510486771365
2019-03-17,1.6602192861895702,0.007663162314451335
2019-03-18,1.5793957982948204,0.0069052283128519165
2019-03-19,1.4958397805525159,0.0061251701940551835
2019-03-20,1.4366975383159013,0.005705591754505674
2019-03-21,1.3886326577764219,0.005436550734781151
2019-03-22,1.345143545544507,0.005233883601252484
2019-03-23,1.3724553148724163,0.005993136156041057
2019-03-24,1.297754087805179,0.005411918625231644
2019-03-25,1.2466505912091843,0.005001702950280212
2019-03-26,1.2033792256248383,0.004774507700153809
2019-03-27,1.1685250085310106,0.004649174475835186
2019-03-28,4.693379900408531,0.0774049683765248
2019-03-29,4.265286182924269,0.061060991159432206
2019-03-30,2.39550793276592,0.027736445070000153
2019-03-31,5.669109448532408,0.07110304533255435
2019-04-01,3.610094483348559,0.0401710458147655
2019-04-02,2.2743462839678554,0.01976465625251256
2019-04-03,1.57200330328297,0.010429969615618118
2019-04-04,1.2841985185440528,0.006927072184638733
2019-04-05,1.2309293669279762,0.006546106481944548
2019-04-06,1.1155176242094051,0.005265067813348784
2019-04-07,1.0554632935017403,0.004682826948444474
2019-04-08,0.9956909622201182,0.004145743955145702
2019-04-09,0.9590967213110156,0.003920672190603465
2019-04-10,0.9230841641656102,0.00369815867977253
2019-04-11,0.892216201212558,0.003543986986729711
2019-04-12,0.9438455773210259,0.00457663320391726
2019-04-13,0.8633433028105175,0.003666346439703957
2019-04-14,0.8237534251671597,0.0033513452151348504
2019-04-15,0.8746058393065419,0.0042869212605663
2019-04-16,0.801035609674142,0.0034913199201497304
2019-04-17,0.7605779999932747,0.0031439457156337324
2019-04-18,0.7728129275241988,0.0035534542507953785
2019-04-19,0.7351753934678105,0.003259974261578966
2019-04-20,0.6943402690462768,0.0028719066035492982
2019-04-21,0.6673164918301917,0.002699835376259805
2019-04-22,0.8073273998715006,0.004752480655054011
2019-04-23,4.798804196942243,0.0658031342472079
2019-04-24,8.94761199931091,0.11646936777673582
2019-04-25,91.79579416191126,1.202177340646518
2019-04-26,33.49812334078288,0.4318795304566017
2019-04-27,23.02393036628144,0.2326019391154381
2019-04-28,10.362025597363004,0.10658836932477811
2019-04-29,5.621276023563624,0.055282433269460446
2019-04-30,3.5215004571087842,0.03131738796996222
2019-05-01,2.443245388611461,0.40352983269925885
2019-05-02,1.7990850526642896,0.3204035231285103
2019-05-03,1.573754779620953,0.30073112449284933
2019-05-04,1.2889556990684368,0.16143077667849284
2019-05-05,1.1970207320404167,0.1271071822106057
2019-05-06,1.0691810389850835,0.05583828510521704
2019-05-07,1.0030899833704396,0.02858649028924379
2019-05-08,0.95929708284916,0.01575092306174123
2019-05-09,0.9252791128268876,0.009725321283215103
2019-05-10,0.8950993448917246,0.006462570553585293
2019-05-11,0.868684738920839,0.005207242832530648
2019-05-12,0.8421619623706483,0.004196276857902601
2019-05-13,0.8176044628245339,0.00357015759170634
2019-05-14,0.7933755838517066,0.0032081965388791717
2019-05-15,0.858271062051893,0.06874861808947895
2019-05-16,0.7728465857406154,0.022578657742585523
2019-05-17,0.7441333885232287,0.015326421634995058
2019-05-18,0.7128309785061,0.008543782311958605
2019-05-19,0.6879231283352598,0.005519741958574446
2019-05-20,0.6657167373923185,0.0038646786494838437
2019-05-21,0.6510543925130544,0.006792821033179279
2019-05-22,0.6295487883005401,0.004985401654220428
2019-05-23,0.6251145313312916,0.013209540094521304
2019-05-24,0.6196662553964853,0.023912613726378238
2019-05-25,0.589736053137915,0.014695625631217984
2019-05-26,0.5662749127019427,0.00824303949497421
2019-05-27,0.545454896937827,0.004895248863659162
2019-05-28,0.5271857969995223,0.0032823642889681813
2019-05-29,0.5109179615938356,0.0025126035444129713
2019-05-30,0.49599843331687127,0.0021332059307954607
2019-05-31,0.48938740267012437,0.006781503477275356
2019-06-01,0.5758607588012367,0.007253619584934959
2019-06-02,0.5105976693675383,0.004342413306154985
2019-06-03,0.46594892399492094,0.0028726017093687575
2019-06-04,0.4403083033473587,0.0021729309799593615
2019-06-05,0.42156171809720816,0.0018200613530668242
2019-06-06,0.4069952894662723,0.001635029882589225
2019-06-07,0.43146378617968706,0.002305400268931897
2019-06-08,0.41755882631982355,0.002221226698787927
2019-06-09,0.38741010054925396,0.0016777929237205046
2019-06-10,0.3690722787658662,0.0014894263845485587
2019-06-11,0.3544214571199185,0.0013767671039155542
2019-06-12,0.3434816848869722,0.00131698381788588
2019-06-13,0.33879767910770686,0.001455244406912738
2019-06-14,0.3465142184665359,0.0016878149725295028
2019-06-15,0.325174709624552,0.001393321752939282
2019-06-16,0.31162989949605374,0.0012583065948558337
2019-06-17,0.2995218375756247,0.0011675013831495557
2019-06-18,0.2893050030358943,0.001105199752781325
2019-06-19,0.28144464713093703,0.0010722538246556836
2019-06-20,0.27304290822991284,0.0010343239676698338
2019-06-21,0.26538737843046784,0.0010005375066661935
2019-06-22,0.25781777970732317,0.0009685995250070345
2019-06-23,0.2505235348869578,0.0009392274748531867
2019-06-24,0.24364656192929912,0.0009124258470070523
2019-06-25,0.23786701673155305,0.000897840238542667
2019-06-26,0.23294169040615917,0.000892738658952694
2019-06-27,0.2318594963022298,0.000989106273294139
2019-06-28,0.26159722314757955,0.0015148373983442868
2019-06-29,0.24120489177367552,0.0012993624000165432
2019-06-30,0.22562507611939484,0.0010888239372243186
2019-07-01,0.21086634017207664,0.0009237159894227477
2019-07-02,0.20013556217646863,0.0008197601380000774
2019-07-03,0.19250650942138997,0.0007570579905343011
2019-07-04,0.188665503821053,0.0008843699203918895
2019-07-05,0.41546054707529145,0.014226679388854068
2019-07-06,0.486796280049993,0.023453322385945982
2019-07-07,0.6068228498264285,0.03194617187242549
2019-07-08,0.36393358693465055,0.016193072900301423
2019-07-09,0.2620090957606816,0.008303141415587011
2019-07-10,0.20490184577074846,0.0043834351802842205
2019-07-11,0.21829327692202666,0.004678236787767891
2019-07-12,0.18225209655308897,0.002951980732173623
2019-07-13,0.16382769279083637,0.0018910702093618528
2019-07-14,0.15282573545877912,0.0013060826094458675
2019-07-15,0.14502572362933094,0.0009498870135507655
2019-07-16,0.1396574979543735,0.0007442125681514886
2019-07-17,0.1351302086561067,0.0006241626989790838
2019-07-18,0.13123377768073982,0.000553545574356236
2019-07-19,0.12769583454005204,0.0005101924801125573
2019-07-20,0.12440445968859186,0.00048178730849171526
2019-07-21,0.12144266706971889,0.00046216167877328286
2019-07-22,0.11853599791448795,0.00044674322607841596
2019-07-23,0.11557497119000598,0.0004332344625817368
2019-07-24,0.11387365455147817,0.0004923559370379346
2019-07-25,0.11085123298424128,0.000479314074402901
2019-07-26,0.1082262423212221,0.00045165666716067787
2019-07-27,0.10519964457704578,0.00042286865049160824
2019-07-28,0.10246459130834991,0.0004002744585627409
2019-07-29,0.09993751393804591,0.0003830914450978126
2019-07-30,0.09758557800047542,0.00036975718934919265
2019-07-31,0.09618517782464167,0.00039751778672145356
2019-08-01,0.09485585785725176,0.0005501299826291894
2019-08-02,0.11249182553656586,0.005672390717965708
2019-08-03,0.1069955572788902,0.0032712764104150132
2019-08-04,0.10423886287078281,0.002299820634433199
2019-08-05,0.0975218189418059,0.0025837212785221313
2019-08-06,0.09010614149735054,0.001391523065688151
2019-08-07,0.08483498142756984,0.0009283275464931486
2019-08-08,0.0811975220540993,0.0006590301831124446
2019-08-09,0.07843762846315494,0.0005093939118499588
2019-08-10,0.07621766447844731,0.0004145704628989731
2019-08-11,0.07434896856854899,0.0003552526774446414
2019-08-12,0.07264007541458868,0.0003173871160186177
2019-08-13,0.0710477178968996,0.00029268267921248476
2019-08-14,0.06950249713173233,0.0002758029023777401
2019-08-15,0.06982557472485247,0.0008374181653265753
2019-08-16,0.0686704145618288,0.0008895861978206628
2019-08-17,0.06677333822417143,0.0007080185986923944
2019-08-18,0.06490737414605256,0.0005422513455993154
2019-08-19,0.063252903728216,0.00042535308883896386
2019-08-20,0.06164082051295951,0.0003473735965646748
2019-08-21,0.0602183497652244,0.0002968810019850807
2019-08-22,0.05895050720800694,0.0002642585199921877
2019-08-23,0.05785620437725827,0.00024313485243356657
2019-08-24,0.06035480381961802,0.0009664455300408681
2019-08-25,0.05860043294245295,0.0008630932339042479
2019-08-26,0.05679481912719766,0.0006644975802672656
2019-08-27,0.05513106347928305,0.0005038732600213008
2019-08-28,0.05348258574828673,0.00039027478610306515
2019-08-29,0.05265955049969911,0.0005468034995241194
2019-08-30,0.05125168653085605,0.0004482084921799009
2019-08-31,0.05008921131154929,0.00035266119115623607
2019-09-01,0.048924953943076964,0.00028642293482459435
2019-09-02,0.048000141430258284,0.00024400323433087406
2019-09-03,0.047159536719220026,0.00021668234502471314
2019-09-04,0.04630705631091389,0.00019852420051026892
2019-09-05,0.045458654241783754,0.0001860911737228549
2019-09-06,0.044696138924806256,0.00017751651505961658
2019-09-07,0.043986988484248674,0.00017133798679494348
2019-09-08,0.04332896968415467,0.00016655930537553675
2019-09-09,0.04168063151405803,0.0001577881797938323
2019-09-10,0.04055662051476707,0.00015194221480587585
2019-09-11,0.039178016027994894,0.00014632046020264836
2019-09-12,0.03556473487805419,0.00013405219695188198
2019-09-13,0.03182177155997041,0.00012110714879330072
2019-09-14,0.029622979378792186,0.00011325710258626398
2019-09-15,0.027910781201751365,0.00010646929540198346
2019-09-16,0.026678333779553497,0.00010149631340189485
2019-09-17,0.024941891683409823,9.522021821977932e-05
2019-09-18,0.023336385173623988,8.949280737978585e-05
2019-09-19,0.02253749602716021,0.0003204445313992396
2019-09-20,0.02219010116394171,0.0009922693213552777
2019-09-21,0.021422218244420265,0.0003912089930302909
2019-09-22,0.02215812531351722,0.0012850084308713933
2019-09-23,0.022332511382213656,0.0015846618605770697
2019-09-24,0.021769362624750033,0.0011580392496867871
2019-09-25,0.021388791580303615,0.0009195065325478745
2019-09-26,0.021008072442706804,0.0007062054757262922
2019-09-27,0.02070402274207408,0.0005313327905272338
2019-09-28,0.02040610289868565,0.00039699227404373094
2019-09-29,0.02022649632674504,0.00029898338593979125
2019-09-30,0.020127192350924066,0.00022944278487730034
2019-10-01,0.020006416281562425,0.00018063217294518976
2019-10-02,0.10229832562108843,0.000779632533677731
2019-10-03,0.08000416869729411,0.0005962889358260227
2019-10-04,0.07375848242114069,0.0004893465702019136
2019-10-05,0.05432017926269739,0.00033399554909044457
2019-10-06,0.040003211045249974,0.00022932204893655984
2019-10-07,0.03133749229664162,0.00016694957142921886
2019-10-08,0.026136140100943586,0.0001297010471434606
2019-10-09,0.02301436583260083,0.00010727461676422093
2019-10-10,0.021354576876772315,9.449091685198631e-05
2019-10-11,0.1322026072934771,0.0009684288445306968
2019-10-12,0.1763866515226174,0.001385147755386932
2019-10-13,0.1004768487289918,0.0007980786281489128
2019-10-14,0.06570539300632401,0.000486000625516384
2019-10-15,0.04526083942201147,0.00030850326416781795
2019-10-16,0.03362931168773207,0.00020830735192134734
2019-10-17,0.027132781103082048,0.00015233846808096097
2019-10-18,0.02433512971960327,0.00012669972246765886
2019-10-19,0.02648555131381522,0.00013543279318353635
2019-10-20,0.02370695322908871,0.00011661495838208735
2019-10-21,0.028443058194465055,0.00015679219843331817
2019-10-22,0.023136583496347014,0.00011483208792353506
2019-10-23,0.021329186836988787,9.784871982275396e-05
2019-10-24,0.024541617275401193,0.0001199335387540862
2019-10-25,0.02260597244769535,0.00010717792699592702
2019-10-26,0.021311527598941064,9.743162527617994e-05
2019-10-27,0.02012833760619126,8.854839214649528e-05
2019-10-28,0.0193233637953849,8.202647132075608e-05
2019-10-29,0.019022120986273663,7.89534633581975e-05
2019-10-30,0.019110647788663455,7.904236961917432e-05
2019-10-31,0.10389353853682524,0.0007788602689814366
2019-11-01,0.08847511434141439,0.0005441928924759531
2019-11-02,0.06373267418754394,0.0003652959973219972
2019-11-03,0.04584191430331246,0.00024504310084844675
2019-11-04,0.11194797011564996,0.0006643857600797185
2019-11-05,0.07007556304626376,0.00038198809863755016
2019-11-06,0.04812466387488733,0.0002471812913709888
2019-11-07,0.03473913107148451,0.00016769749427204472
2019-11-08,0.02703205491037068,0.0001233699456964004
2019-11-09,0.02277580893028239,9.915575893157066e-05
2019-11-10,0.02035815387538512,8.544410176464056e-05
2019-11-11,0.018992201448757812,7.759104721663492e-05
2019-11-12,0.01811429543033742,7.261631724069701e-05
2019-11-13,0.01755059609697335,6.944059961680739e-05
2019-11-14,0.017224939194577023,6.752889845630536e-05
2019-11-15,0.017152350612709186,6.682364612590862e-05
2019-11-16,0.016994567152484256,6.590670829642446e-05
2019-11-17,0.016954030734139845,6.555137772264758e-05
2019-11-18,0.016877916439454094,6.511230876194645e-05
2019-11-19,0.01679947174383236,6.471083080322644e-05
2019-11-20,0.016693704469945052,6.42319416774374e-05
2019-11-21,0.016658924154742454,6.405143179033098e-05
2019-11-22,0.016617545697184377,6.384923595014628e-05
2019-11-23,0.016586602102091886,6.370365364048025e-05
2019-11-24,0.016606218598387738,6.377047852192884e-05
2019-11-25,0.017183713249612674,6.774036529886391e-05
2019-11-26,0.027335752336479086,0.00013573363355284525
2019-11-27,0.022919480873044008,0.00010416317675221925
2019-11-28,0.020847338959804028,9.107325356666899e-05
2019-11-29,0.019274482622374065,8.107550189432744e-05
2019-11-30,0.01818875535392202,7.425171281203722e-05
2019-12-01,0.017531424088531002,7.006358857248621e-05
2019-12-02,0.01698516823901571,6.692218298978174e-05
2019-12-03,0.016689005012220082,6.515063869427212e-05
2019-12-04,0.01637637954745686,6.353397429156316e-05
2019-12-05,0.016979098550328964,6.984694271481154e-05
2019-12-06,0.025064481604742676,0.00014543399127375878
2019-12-07,0.02807019700155911,0.00017773937682546281
2019-12-08,0.026022218848151927,0.00015170886267730794
2019-12-09,0.023140052668518745,0.00012532734328767148
2019-12-10,0.020607787818243066,0.00010388929186878349
2019-12-11,0.018881764254205978,8.90390555219628e-05
2019-12-12,0.01777545378029577,7.928334943777118e-05
2019-12-13,0.017070611210376608,7.292264259616953e-05
2019-12-14,0.016907079481238024,7.047734132411616e-05
2019-12-15,0.401144507308291,0.004491536089440946
2019-12-16,0.18664483595262038,0.0020566139433055844
2019-12-17,0.11875954952233403,0.0011840194926037123
2019-12-18,0.07351235006448886,0.0006765177359759541
2019-12-19,0.04756182302552523,0.0004023557381699913
2019-12-20,0.03375523785142244,0.0002591524929999495
2019-12-21,0.02632548774799162,0.00018123220698721565
2019-12-22,0.02198468741875354,0.0001356662930987944
2019-12-23,0.0195589741834549,0.00010877654526729996
2019-12-24,0.01803597119800445,9.175262026411023e-05
2019-12-25,0.01728691607229328,8.164377558149152e-05
2019-12-26,0.2963510526116561,0.0032742012703294793
2019-12-27,0.6482391276500352,0.007522586184043238
2019-12-28,5.80886351096924,0.06806281096004854
2019-12-29,13.827490842449956,0.1643231604443607
2019-12-30,12.313628641731015,0.14299052090124886
2019-12-31,6.31698137381051,0.06570442028565178
2020-01-01,2.8592835345427323,0.028356776218858463
2020-01-02,1.5494165377640008,0.012843373283581894
2020-01-03,1.1242752659446043,0.0075676032078435965
2020-01-04,0.9319904017173534,0.004984164209257237
2020-01-05,0.8523873070088765,0.0038895187196638483
2020-01-06,1.080535036932754,0.007665607388671159
2020-01-07,2.308263556185946,0.02659003129832066
2020-01-08,1.4508951978072389,0.014555762715143332
2020-01-09,1.0053363730933162,0.007643850708487922
2020-01-10,0.8172192148679992,0.004664517101845248
2020-01-11,0.7371983414876466,0.0034465170408189668
2020-01-12,0.6970639535961617,0.002933573328636652
2020-01-13,0.671118530896948,0.0026927212875883988
2020-01-14,0.7000603697978053,0.0033091009970839212
2020-01-15,0.7619658137724236,0.004447362550743103
2020-01-16,0.66766201812222,0.003284889363379639
2020-01-17,0.8646957151367052,0.006586126532783485
2020-01-18,0.711011862893786,0.004611807756184124
2020-01-19,0.6492298646640722,0.003539149897470151
2020-01-20,0.582481001025791,0.0027124762659834867
2020-01-21,0.8320744906473879,0.006066287267323547
2020-01-22,0.6287662660243907,0.003629475136133062
2020-01-23,0.5703429121644106,0.0028000013299295844
2020-01-24,0.5183369623590617,0.0023227119138311213
2020-01-25,0.5779514607690885,0.003347356460681469
2020-01-26,14.906025077304514,0.22809673101827307
2020-01-27,21.192773306003037,0.32345077620130436
2020-01-28,58.279395003855505,0.9365976559856047
2020-01-29,79.35729105607975,1.210556225660792
2020-01-30,32.714202206426926,0.48866749942328946
2020-01-31,20.831664884115085,0.2844501976957821
2020-02-01,12.239911644836239,0.15734389155393608
2020-02-02,7.405962167373253,0.08738394106744968
2020-02-03,4.857375930089146,0.050941075352410874
2020-02-04,3.4954020399044303,0.03127298124152406
2020-02-05,2.8597966282132354,0.022030463862425305
2020-02-06,2.8930398902360013,0.022870668824815227
2020-02-07,2.277472373774766,0.014149222980667812
2020-02-08,1.9996342970520264,0.010125162861219164
2020-02-09,2.2463396740590382,0.01430836154144245
2020-02-10,2.3670176726303076,0.017370512957464432
2020-02-11,2.1879709232204436,0.01459904529545091
2020-02-12,1.8510724849484521,0.01020107692260651
2020-02-13,4.097618031858034,0.037053182607680556
2020-02-14,5.529352337763967,0.0639672021087447
2020-02-15,6.639631765931863,0.07890743540856468
2020-02-16,39.6537006878237,0.5796501115793923
2020-02-17,19.991792444190118,0.27816166688622046
2020-02-18,11.716156700981397,0.15748894562926147
2020-02-19,7.114944678627552,0.08809572390254522
2020-02-20,4.668874074415334,0.05145651434336557
2020-02-21,3.2731789408258414,0.030901349980851558
2020-02-22,2.6142609453737236,0.02141926019270906
2020-02-23,281.60753681117615,4.242818336228029
2020-02-24,258.59445728742423,4.085158759376694
2020-02-25,70.91196520650188,0.9845464320086237
2020-02-26,58.95210435150836,0.684828967780037
2020-02-27,27.82482036236098,0.3462692214027819
2020-02-28,17.98430915510316,0.21315492547172452
2020-02-29,11.470458873719016,0.12820123719922263
2020-03-01,7.7187417652321875,0.09043292364831769
2020-03-02,5.528379970417374,0.06062038105986402
2020-03-03,4.243543688581447,0.040605102452214326
2020-03-04,170.49563518262417,3.3044366832801226
2020-03-05,92.12782539360502,1.8386462614414236
2020-03-06,83.65232549705097,1.6342890303435373
2020-03-07,38.87292772244087,0.7261878433897823
2020-03-08,39.98558681450235,0.7657748304529799
2020-03-09,42.998806489217365,0.7855841210873657
2020-03-10,31.440919675466635,0.5552952554590603
2020-03-11,22.345527471672646,0.3765327469287881
2020-03-12,15.166791035239608,0.24090340011801262
2020-03-13,10.467126430516538,0.15222506806490074
2020-03-14,7.6285528093640975,0.09829981922143162
2020-03-15,5.873989951889131,0.06522456181817822
2020-03-16,4.760361711758642,0.04463197649154446
2020-03-17,4.045759418563395,0.031761804719424476
2020-03-18,3.5781032232564804,0.02370465067424914
2020-03-19,3.2697380360153847,0.01880395795307411
2020-03-20,3.0529526417388255,0.01574511582388571
2020-03-21,2.879692046583479,0.013507734160375236
2020-03-22,2.7496190839284425,0.012108780372348414
2020-03-23,2.6474611639127907,0.011306223481174917
2020-03-24,2.5813655735417713,0.01126509098083075
2020-03-25,2.5631697949951207,0.012085136062535593
2020-03-26,2.420584924548776,0.010470084105711264
2020-03-27,2.332036165036529,0.009659080035281204
2020-03-28,2.4848290686085277,0.013524232070015175
2020-03-29,2.264949481000797,0.010736509539600599
2020-03-30,2.159738812461651,0.009500725953430699
2020-03-31,2.095210105387523,0.009147856613991817
2020-04-01,2.0000789805699544,0.008241821625975273
2020-04-02,1.9320179760689788,0.007813137119991266
2020-04-03,1.872652854845171,0.0075165639455027555
2020-04-04,1.8162248229115323,0.007275315712641445
2020-04-05,1.761971335497847,0.007054839348116942
2020-04-06,1.7106280226253519,0.006856170350880734
2020-04-07,1.658911738499599,0.006630039564696054
2020-04-08,1.6097843720888634,0.006429473915839447
2020-04-09,1.5627115712289505,0.006255313800476227
2020-04-10,1.6578237793006354,0.010123759787971413
2020-04-11,1.5329244364767496,0.00828244434491049
2020-04-12,1.4545772860790178,0.006731205469153027
2020-04-13,1.3972788516261063,0.005958310569291868
2020-04-14,1.3678631013378209,0.005938576208840732
2020-04-15,1.3090828860619708,0.005363097240388498
2020-04-16,1.2941524911188451,0.005986052745205896
2020-04-17,1.241450898977065,0.005478373587814264
2020-04-18,1.199936665923465,0.00507115865175329
2020-04-19,1.1729979233180425,0.005024417724424591
2020-04-20,1.1275751642171052,0.004617121822665167
2020-04-21,1.093882939943541,0.0044539092584671884
2020-04-22,1.058746202508118,0.004250974415985226
2020-04-23,1.0271622528746853,0.004107563868568794
2020-04-24,0.9967065329851433,0.0039792989048865884
2020-04-25,0.9673788376192234,0.0038594298584694823
2020-04-26,0.9392636390459526,0.0037500932638060897
2020-04-27,0.9116274221358961,0.0036370615985336064
2020-04-28,0.9189795377040099,0.004425763862803177
2020-04-29,0.9884278285116224,0.006891835828333813
2020-04-30,0.9658983838082028,0.007875080345602775
2020-05-01,0.8796069150040258,0.006285490949824071
2020-05-02,0.8173403915694832,0.0045620140813552165
2020-05-03,0.7750723491549555,0.003645439105456523
2020-05-04,0.7450319820439893,0.003200516529948028
2020-05-05,0.7209781361198382,0.0029763988452006086
2020-05-06,0.7372485910851848,0.004599534424002205
2020-05-07,0.7029469544556035,0.004012190381821032
2020-05-08,0.6751080478450876,0.003482567617071483
2020-05-09,0.7045481366659306,0.005184161418761053
2020-05-10,0.6416940133011927,0.0034734922248568028
2020-05-11,0.612265950529651,0.0028388293381532022
2020-05-12,0.5892271915470897,0.0025188452576294794
2020-05-13,0.6758837510364145,0.006805112362820246
2020-05-14,0.5907830736951756,0.004191136129332171
2020-05-15,0.5763968711149181,0.003871028883343585
2020-05-16,0.5381775471832292,0.002923958378673249
2020-05-17,0.5142691880874363,0.002419905935150183
2020-05-18,0.525539890091088,0.0035166966273155694
2020-05-19,0.7560046400602486,0.014076050257935962
2020-05-20,0.6816806086886996,0.011998094114765927
2020-05-21,0.7526949457068525,0.015343230938640763
2020-05-22,0.718480288558281,0.01497469607087502
2020-05-23,1.5756023912160975,0.05413297305921013
2020-05-24,1.472522811311119,0.047335551513372716
2020-05-25,0.9582269991209351,0.019909677589940087
2020-05-26,1.0314055912074347,0.011838801708664339
2020-05-27,0.8055299255057667,0.0063950167439256
2020-05-28,0.6730323031420529,0.004008213123880378
2020-05-29,0.6101663405144904,0.0029844957147989078
2020-05-30,0.577035816634247,0.0025213350638939214
2020-05-31,0.5550343375334533,0.0022884224329248097
2020-06-01,0.5371742395469058,0.0021525988935243985
2020-06-02,0.5210053322009907,0.0020591941399075316
2020-06-03,0.5058517973072533,0.001985948547125806
2020-06-04,0.49145951997358817,0.0019230984387703612
2020-06-05,0.5413469751814955,0.03200617802073226
2020-06-06,0.4995286743789361,0.024944338330920766
2020-06-07,0.5004295780022168,0.028781741476681295
2020-06-08,0.5909254771889974,0.0654454837289451
2020-06-09,0.48021739678630543,0.03233939078837088
2020-06-10,0.43692967232051555,0.016345835757068192
2020-06-11,0.41090915147070056,0.008485335736768516
2020-06-12,0.3936263657637701,0.004753936623054079
2020-06-13,0.4035283551175394,0.01423059766120004
2020-06-14,0.38222449003474074,0.010769286804583403
2020-06-15,0.3904970108697916,0.016760508266621073
2020-06-16,0.3788627609965244,0.01572521913145657
2020-06-17,0.35555618784872467,0.010274588626395166
2020-06-18,0.3417063956593914,0.0073978231658458566
2020-06-19,0.3283707255736572,0.006380835785256382
2020-06-20,0.3371773882935751,0.012379289563364562
2020-06-21,0.31170896317957725,0.00703050789621806
2020-06-22,0.298319191066757,0.004219037005370499
2020-06-23,0.2874218507624213,0.002678488000687971
2020-06-24,0.27826315634937987,0.001869692769921787
2020-06-25,0.2702794264286887,0.0016151154492078693
2020-06-26,0.26259290138627567,0.0013378924548284954
2020-06-27,0.25540199678575953,0.0011637495377846765
2020-06-28,0.24843134284838791,0.001057647908179199
2020-06-29,0.2508978286947064,0.005289142735197398
2020-06-30,0.2403767361171879,0.004087219128003757
2020-07-01,0.2606804199077465,0.003539528175073504
2020-07-02,0.2400689185084542,0.0023541586329655136
2020-07-03,0.22778211774470303,0.0016578045499407966
2020-07-04,0.21841795451685336,0.0012942838053990418
2020-07-05,0.20880312435216053,0.0010535794585665795
2020-07-06,0.2017008783963927,0.0009141991789075769
2020-07-07,0.19518416700151175,0.0008283634940943216
2020-07-08,0.22439604133318317,0.0015114469277834072
2020-07-09,0.2103965565106365,0.001374888206495047
2020-07-10,0.2036675933583066,0.0014107561251737342
2020-07-11,0.2080823132515575,0.0015784341831706968
2020-07-12,0.18796834346183816,0.001233809734924812
2020-07-13,0.17548581218313422,0.0009737792427861622
2020-07-14,0.16607388682369648,0.0008080886897286028
2020-07-15,0.15915567660736307,0.0007081842182376005
2020-07-16,0.15367232625532568,0.0006466553780286211
2020-07-17,0.14915723499078104,0.0006070908381980271
2020-07-18,0.1465800417654892,0.0006068310667115642
2020-07-19,0.1424872383367838,0.0005802594243922368
2020-07-20,0.13872582000373304,0.0005558744970074457
2020-07-21,0.13499029435654722,0.0005344707776301833
2020-07-22,0.1318638602889931,0.0005361796979416336
2020-07-23,0.5578446595345704,0.011130109006544575
2020-07-24,0.312022492838912,0.005798809813233286
2020-07-25,0.22893569962449623,0.0032825711854737464
2020-07-26,0.17201965216275145,0.0019061209612932623
2020-07-27,0.14026594408821352,0.001200867383998308
2020-07-28,0.12515230239973218,0.000862298633821883
2020-07-29,0.11585334763380721,0.0006638936746782062
2020-07-30,0.1102728886404293,0.0005505201476384289
2020-07-31,0.10610142176153121,0.00048197003111043744
2020-08-01,0.10298991369015482,0.00044010148338294845
2020-08-02,0.10026350484065863,0.0004124998587227678
2020-08-03,0.09777879551186636,0.0003931829528862207
2020-08-04,0.09526991078193749,0.00037780240423566626
2020-08-05,0.09307111428688296,0.00036746485699630326
2020-08-06,0.09097020322637503,0.0003584997836703021
2020-08-07,0.19495803340249668,0.008601704115175529
2020-08-08,0.36865337039748614,0.02285952698384359
2020-08-09,0.21512926121156326,0.010075992715944487
2020-08-10,0.15592496552130675,0.005589977375788381
2020-08-11,0.11803953941157876,0.0031667657197848617
2020-08-12,0.09708142110123825,0.0018769822126989291
2020-08-13,0.08589421230265595,0.001182066030221456
2020-08-14,0.07970160012989315,0.0007980368439834697
2020-08-15,0.07600099307361319,0.0005785261370900217
2020-08-16,0.07341539513536945,0.00045979398059768504
2020-08-17,0.07129661400060144,0.00038145513165649555
2020-08-18,0.06954232883391266,0.00033242275004538753
2020-08-19,0.06785623954038525,0.00030070099835317833
2020-08-20,0.0662571089537789,0.00027951574318262214
2020-08-21,0.06492461538174127,0.0002654029625910368
2020-08-22,0.06363989740639538,0.00025504043430681637
2020-08-23,0.06235312251689441,0.000246797986997749
2020-08-24,0.061155661147545816,0.0002401718418941956
2020-08-25,0.05971560832231209,0.00023291522404354952
2020-08-26,0.05784651094207986,0.0002237905311585064
2020-08-27,0.055986077447575555,0.00021488967541238236
2020-08-28,0.05385582509044012,0.00020491586872176096
2020-08-29,0.05196032528905445,0.00019568825007268022
2020-08-30,0.0655029756519993,0.0015128919958224741
2020-08-31,0.052521258477773745,0.0004989585004452973
2020-09-01,0.04559720906346441,0.0003369217100997219
2020-09-02,0.040201060879888034,0.0002544004731365112
2020-09-03,0.055860855393929494,0.0008646523816537712
2020-09-04,0.08050580420593706,0.0018117083105393793
2020-09-05,0.06140892680224498,0.0012019781114691495
2020-09-06,0.04870408611551088,0.0008034697211714113
2020-09-07,0.03863870759508391,0.0005352203520457693
2020-09-08,0.03206365234796092,0.0003705353059161217
2020-09-09,0.07007247489798804,0.001795163499990958
2020-09-10,0.048585352340735626,0.0010156744550854594
2020-09-11,0.03914463300011752,0.0006765201243021852
2020-09-12,0.0325910557704073,0.000463410555705105
2020-09-13,0.02805817824831825,0.0003264945245345476
2020-09-14,0.025266170075608173,0.00024074087479343767
2020-09-15,0.023533992126566025,0.00018576301111357783
2020-09-16,0.04406724958017138,0.0008852526837272083
2020-09-17,0.037476592618731354,0.000649584856238784
2020-09-18,0.032571506556354456,0.0004726982213489942
2020-09-19,0.02993051872714229,0.00037495990417791246
2020-09-20,0.0384404885630999,0.0007046869964187351
2020-09-21,0.030761063756659424,0.00042778177085691174
2020-09-22,0.027094437665680593,0.000309559154964037
2020-09-23,0.024591732956641695,0.00023248291092308314
2020-09-24,0.05291244577258508,0.0011933773659273791
2020-09-25,0.2491032459873622,0.00879340773416451
2020-09-26,0.12846484657582385,0.003968125980134885
2020-09-27,0.07971918242919558,0.0021295118481198085
2020-09-28,0.052494248915155015,0.0012101865970047942
2020-09-29,0.03768595857290858,0.0007318874281299597
2020-09-30,0.029876482444070138,0.0004762646184441357
2020-10-01,0.025438519083071112,0.00032755716842970385
2020-10-02,0.022921557603239398,0.00023786364433099066
2020-10-03,0.021441399988040014,0.00018161759238887316
2020-10-04,0.033728273704740415,0.00026933876656010667
2020-10-05,0.04325024978623781,0.0003406140010726889
2020-10-06,0.12250938616525688,0.0011194879049976018
2020-10-07,0.08907288779453061,0.0007476679156203823
2020-10-08,0.06009126922691717,0.00044976509741494853
2020-10-09,0.043852243846361945,0.00029558084480825085
2020-10-10,0.033510978288246375,0.00020495372056411997
2020-10-11,0.027369658792373262,0.00015261566976715164
2020-10-12,0.023733183469363192,0.00012176806084845281
2020-10-13,0.02161075587401946,0.00010330603436814183
2020-10-14,0.022879550880115562,0.00010967622241804073
2020-10-15,0.023332433545944248,0.00011316676501575634
2020-10-16,0.022707843631253766,0.00010831875024636456
2020-10-17,0.02125717423633834,9.614674846753269e-05
2020-10-18,0.02020858014056694,8.795584704779785e-05
2020-10-19,0.019330812097938202,8.151534178725821e-05
2020-10-20,0.018867091400801027,7.758280996310249e-05
2020-10-21,0.019043412465514956,8.027385957053275e-05
2020-10-22,0.018683568111808917,7.74987240073328e-05
2020-10-23,0.018394708311079196,7.483916660120452e-05
2020-10-24,0.018368604576592375,7.355933816706071e-05
2020-10-25,0.018291528469908124,7.238994028635483e-05
2020-10-26,0.1185351749928083,0.0011232214352502395
2020-10-27,0.23218478092759787,0.0021890774334337487
2020-10-28,0.12864866025878574,0.0011118043967882248
2020-10-29,0.15295387562306678,0.0012986725706968408
2020-10-30,0.08877079945465788,0.0006873408354388373
2020-10-31,0.06014268180137833,0.0004227046651496998
2020-11-01,0.04183504176033576,0.00026987538811475045
2020-11-02,0.031225626209241016,0.0001850668689156157
2020-11-03,0.025213623699628384,0.0001374802440686832
2020-11-04,0.021987061352120033,0.00011079180741269252
2020-11-05,0.019897523108598807,9.386031772453148e-05
2020-11-06,0.018681745020897263,8.351396490507901e-05
2020-11-07,0.018114965150316666,7.772859493792957e-05
2020-11-08,4.27731912404817,0.4205737211817958
2020-11-09,1.354307568681263,0.12320010057669448
2020-11-10,0.7754874676563726,0.04986865232335804
2020-11-11,0.5138069038872154,0.021224772379058423
2020-11-12,0.41349111456286286,0.010143644826030019
2020-11-13,0.36910270001691203,0.005435977300621874
2020-11-14,0.34591187178077504,0.00330477780507557
2020-11-15,0.330980460821296,0.0022909607272886224
2020-11-16,0.31945378257420165,0.0017843367679848188
2020-11-17,0.3096213055386031,0.0015164863819475858
2020-11-18,0.30077633084766425,0.0013646230041052
2020-11-19,0.3051332473869816,0.0022754549782625587
2020-11-20,0.384294041695107,0.011312385163237642
2020-11-21,0.3258770274603018,0.006981119818029576
2020-11-22,0.29813707532094275,0.004331113204073881
2020-11-23,0.2828215824777731,0.0036814958858588922
2020-11-24,0.2640536125212232,0.002515085979659001
2020-11-25,0.2513331799625594,0.0018062411071308273
2020-11-26,0.2420130763054837,0.001410934459297243
2020-11-27,0.23376919453374298,0.0011862833952084114
2020-11-28,0.2270053294467387,0.0010562587672177989
2020-11-29,0.22036926468891832,0.0009734181855466466
2020-11-30,0.21418917748307448,0.0009173979697019195
2020-12-01,0.2082923098904394,0.0008759723808458391
2020-12-02,0.20214449884429256,0.0008407221593574956
2020-12-03,0.19594805300810594,0.0008091929561235603
2020-12-04,0.19030932625417263,0.0007823660046444803
2020-12-05,0.18492984947693303,0.0007580781863966058
2020-12-06,0.1797386482024197,0.0007355667272747545
2020-12-07,0.1748826211973335,0.0007148123644763547
2020-12-08,0.17048593853438165,0.0006962097072780728
2020-12-09,0.20155467788767223,0.000989365290256823
2020-12-10,0.344915531798027,0.002535812526930019
2020-12-11,0.5444829977667597,0.0046129963022773605
2020-12-12,0.3088305845928067,0.0023001213621710475
2020-12-13,0.22265669006813688,0.0014130447326800237
2020-12-14,0.17928254821855832,0.0009798385774947777
2020-12-15,0.1567567618517999,0.0007631712259318976
2020-12-16,0.2650503038666664,0.001787178446478345
2020-12-17,0.20039988896449037,0.0012438466531028882
2020-12-18,0.1809305199736227,0.0010232500038493573
2020-12-19,0.15410823958596553,0.0007826206543463286
2020-12-20,0.13663249636838337,0.0006406097293186457
2020-12-21,0.12595887153945876,0.0005599109862241041
2020-12-22,0.12172077604389303,0.0005336901048308394
2020-12-23,0.131530163544609,0.0006742535307017149
2020-12-24,0.868231052643359,0.008535399648091455
2020-12-25,0.5635159547059488,0.005012707394868772
2020-12-26,1.8014103576000757,0.017135999626186473
2020-12-27,1.1901550230761553,0.010001634231130275
2020-12-28,0.8887133043176376,0.0061586585436957985
2020-12-29,2.6780205848760894,0.022619673563747802
2020-12-30,50.05035722893285,0.45676994263368975
2020-12-31,43.270058580822074,0.4449325970035428
2021-01-01,22.330408068287966,0.3923010224806492
2021-01-02,11.793314991950716,0.21149038158734
2021-01-03,5.945962288306488,0.10158237333706334
2021-01-04,3.429421290969792,0.052501900855672586
2021-01-05,2.257973979471719,0.02873893505077844
2021-01-06,6.759064503216501,0.14830676994953126
2021-01-07,23.912778567336634,0.5379705043884841
2021-01-08,22.500680075702036,0.5014879886606497
2021-01-09,62.268396470662296,1.4834867581515168
2021-01-10,53.04675537638905,1.1999861297422576
2021-01-11,121.76945808917402,2.7366937942867233
2021-01-12,44.346459336134714,0.9324136363951597
2021-01-13,30.766137119833722,0.5565792895179804
2021-01-14,17.749121515201086,0.3156569754712798
2021-01-15,11.410848546247182,0.1908919639573189
2021-01-16,7.744601487345342,0.11627551927231353
2021-01-17,5.6393965724631405,0.07332543320573634
2021-01-18,4.3826113088170455,0.047708220413174685
2021-01-19,3.6731652698371753,0.033791696486946306
2021-01-20,3.1561381044672925,0.023462287594039538
2021-01-21,2.8432813497902796,0.01776592332972889
2021-01-22,2.65615055908013,0.014785958078151395
2021-01-23,2.465684522987752,0.011741556449020495
2021-01-24,2.339767141244297,0.010092572178836969
2021-01-25,2.2433295389204178,0.009126425902438043
2021-01-26,2.1746048765088046,0.008695147461086631
2021-01-27,2.1051295806284878,0.008318823291700179
2021-01-28,2.0479599036210043,0.008211505696990615
2021-01-29,2.110761297739527,0.010422979524668285
2021-01-30,2.0114799582948604,0.009416573738782259
2021-01-31,2.0225117687523038,0.010794598387203728
2021-02-01,1.8794218646456389,0.008989431582430573
2021-02-02,1.7767784603707013,0.007596911943459247
2021-02-03,1.703890896503809,0.006790305217616771
2021-02-04,1.6840272813315889,0.007267971844464968
2021-02-05,1.696333065462322,0.008910323824309193
2021-02-06,1.7290566310264597,0.01181969475153925
2021-02-07,1.5706335893870367,0.008070423580000425
2021-02-08,1.4916288855286266,0.006510573998075218
2021-02-09,1.6273826865673024,0.010408659146603348
2021-02-10,1.5089610673130034,0.00908814087294209
2021-02-11,1.4126077611526717,0.0071040425901163825
2021-02-12,1.3326614106326948,0.005968938728147541
2021-02-13,1.2688920166021191,0.005202523094986118
2021-02-14,1.22419593335318,0.004817473897252927
2021-02-15,1.4290263070280997,0.010584032036982641
2021-02-16,1.5131530988602273,0.014988335697354629
2021-02-17,1.347973682532041,0.011365660050605417
2021-02-18,1.1653266778264388,0.0070027604826199295
2021-02-19,1.1221744047937838,0.0063138963658577974
2021-02-20,1.3889923182736432,0.015130842406045954
2021-02-21,1.1135105511107768,0.008223340907066059
2021-02-22,1.018084309047256,0.005536347762741839
2021-02-23,0.9547858362029048,0.004302419463297847
2021-02-24,0.9138231244863898,0.003740651819608175
2021-02-25,0.9240435188785615,0.004562934395410183
2021-02-26,0.8843207959750038,0.004071813326762763
2021-02-27,1.151522848551714,0.012474826651925832
2021-02-28,1.1210334402301037,0.012607979577906629
2021-03-01,0.9655859421397446,0.007388764710351222
2021-03-02,0.9767458146933271,0.006723380740578914
2021-03-03,0.8212970171881029,0.004216575891267533
2021-03-04,0.7577162425306718,0.0033397659899543825
2021-03-05,0.7263391515354225,0.0030911575740019967
2021-03-06,0.6871988218678341,0.0027498293975442077
2021-03-07,0.6677285914739913,0.0026528204912095736
2021-03-08,0.6448624577511124,0.0025197072162529617
2021-03-09,0.7445694139792962,0.00395681886801939
2021-03-10,0.6557733037955605,0.0030836632746337037
2021-03-11,0.6098115758139242,0.002593666164862597
2021-03-12,0.604432634036424,0.0026452820754456537
2021-03-13,0.5778235606595792,0.002461076976311338
2021-03-14,0.5647756213287947,0.0024609744782460134
2021-03-15,0.5321845766470672,0.00213834966466229
2021-03-16,0.5101952776727012,0.001988161114384276
2021-03-17,0.50432423225791,0.0020818697221154105
2021-03-18,0.7474797580479633,0.005162400789122367
2021-03-19,2.63997458609602,0.030071193098634257
2021-03-20,1.458020510210235,0.013725459595752526
2021-03-21,1.4479906939940443,0.011962443947548881
2021-03-22,2.6449762459640147,0.02820329496966623
2021-03-23,16.861740177494205,0.24559497486877202
2021-03-24,13.749727120569162,0.2018914891129158
2021-03-25,8.716271380261118,0.11817183633953757
2021-03-26,4.300295676627788,0.05275797354073559
2021-03-27,2.3292010531419973,0.023871014167608864
2021-03-28,1.5269093719398656,0.01246601180350217
2021-03-29,1.1657136327288005,0.007419623287059814
2021-03-30,0.9933158197180051,0.005099511943001164
2021-03-31,0.9579861730222992,0.004780636394784506
2021-04-01,1.0217904034697345,0.039542622255047344
2021-04-02,0.8766789096189811,0.013669968080713048
2021-04-03,0.8213417975978933,0.008131023589241691
2021-04-04,0.913192773440297,0.03335543497075202
2021-04-05,0.8239028435607005,0.016627074466326143
2021-04-06,0.9876061619937647,0.05562569875509687
2021-04-07,0.9564404465622046,0.042804957861835316
2021-04-08,1.0510648545302583,0.06479645210213612
2021-04-09,0.8830188893922608,0.04104604775087703
2021-04-10,0.759200522082081,0.026432310602107295
2021-04-11,0.6730777026952781,0.01190144488587866
2021-04-12,0.7250939469651417,0.02104420830015622
2021-04-13,0.6431893634924194,0.01187353311281136
2021-04-14,0.6063549307819475,0.00796691756365421
2021-04-15,0.5718853389902752,0.004138222163944158
2021-04-16,0.5483045490837745,0.0029010789033737977
2021-04-17,0.5310647124050016,0.002411411387135196
2021-04-18,0.5148219424766048,0.002160238801720953
2021-04-19,0.4992578545866942,0.001982751742940566
2021-04-20,0.489296964899714,0.0025346635993579517
2021-04-21,0.4728626232962207,0.0021886945762222064
2021-04-22,0.458639394680783,0.0019228306198215829
2021-04-23,0.45660654428409014,0.003679520055138191
2021-04-24,0.7347288519785491,0.06227247806789524
2021-04-25,0.5819728342463906,0.026759166157738493
2021-04-26,0.5115346650793932,0.014762806903511989
2021-04-27,0.44435588286755684,0.007634693105530474
2021-04-28,0.408024909291108,0.004773385807240509
2021-04-29,0.38313083492878597,0.0028114969252968757
2021-04-30,0.4281391286312253,0.014398739542243407
2021-05-01,0.387158450286543,0.005720175885113725
2021-05-02,0.36201545879779257,0.003489871609088008
2021-05-03,0.34239952364310355,0.002275478127159737
2021-05-04,0.3277765232999423,0.0016977299391059753
2021-05-05,0.3171102323460775,0.001431702666810955
2021-05-06,0.3071940334927534,0.0012797584473486277
2021-05-07,0.29816910695866905,0.0011813856237714926
2021-05-08,0.289574562609028,0.0011161413339601796
2021-05-09,0.28140204774043776,0.0010679370988521423
2021-05-10,0.27349060292015176,0.0010294272741880035
2021-05-11,0.2658227146726606,0.0009963456249736896
2021-05-12,0.25851978522208613,0.0009668598547363094
2021-05-13,0.2525971470430604,0.0010228909223948554
2021-05-14,0.24668141181793737,0.0009925215665630152
2021-05-15,0.23923573453786262,0.0009534325397793182
2021-05-16,0.23248328528369588,0.0009078555663220352
2021-05-17,0.22589755107597367,0.0008660190443288415
2021-05-18,0.21951229982016732,0.0008315201604477587
2021-05-19,0.2184994655857945,0.0009575364308432336
2021-05-20,0.21045844420228865,0.0008868565119434261
2021-05-21,0.20969634740942378,0.0010064308324177044
2021-05-22,0.21199013360351723,0.0012350759006967758
2021-05-23,0.2644123620069561,0.004012706463002735
2021-05-24,0.21699886068733162,0.0018153175190654168
2021-05-25,0.2510379827098487,0.0033456045918796957
2021-05-26,0.2131331022275769,0.002147966589984776
2021-05-27,0.19272080191907248,0.001485693019882503
2021-05-28,0.17784511222991847,0.0010885896929705942
2021-05-29,0.16783514876578803,0.0008560078872478355
2021-05-30,0.160963165903238,0.0007237552837932984
2021-05-31,0.15556947375244726,0.0006464980577794811
2021-06-01,0.15512818305354448,0.0010127827742782568
2021-06-02,0.16601423563569467,0.0021184074377097865
2021-06-03,0.1530084119663534,0.0014447641030641953
2021-06-04,0.15188212128900327,0.001561254966535345
2021-06-05,0.14064474812781386,0.000990195486623456
2021-06-06,0.13490101097535656,0.0007674285806821019
2021-06-07,0.1303585156186822,0.0006354110807496749
2021-06-08,0.12646915635569617,0.0005551020696738609
2021-06-09,0.1349790515705681,0.0014828287257583335
2021-06-10,0.12606613058468855,0.0011126463350143133
2021-06-11,0.12026446008612846,0.0008430027565617628
2021-06-12,0.11560704192097564,0.000662612482415465
2021-06-13,0.11254154728126511,0.0005920693368928556
2021-06-14,0.11551047996953236,0.0010535317537443065
2021-06-15,0.3326658941034856,0.019461212959223286
2021-06-16,0.21030474284823056,0.010892589128225902
2021-06-17,0.8905316680321568,0.08028033780363997
2021-06-18,0.44167653878470564,0.03764298027235042
2021-06-19,0.30216611852612185,0.019582520755610896
2021-06-20,0.20514074486556183,0.009806552097371623
2021-06-21,0.1566546300177557,0.005168885005265368
2021-06-22,0.1343033809144177,0.002953736629521414
2021-06-23,0.12432169037030283,0.0019061419942227934
2021-06-24,0.15862917448994143,0.005517412527298719
2021-06-25,0.1362796384280859,0.0038263117925197675
2021-06-26,0.12463676609822616,0.0025539729159662307
2021-06-27,0.11795313587981161,0.0019202178832696875
2021-06-28,0.10787785272239787,0.0011825304673741062
2021-06-29,0.10244889222153576,0.0008214361877747689
2021-06-30,0.1018050570750608,0.0009425898538488184
2021-07-01,0.09811482480789246,0.0008905793833946851
2021-07-02,0.09660876108668161,0.001059195728481451
2021-07-03,0.12444608404177458,0.005512995672378185
2021-07-04,0.10906063147496335,0.004956393862672652
2021-07-05,0.09810359255179121,0.003415750201799567
2021-07-06,0.09106394840366693,0.0022298145895585245
2021-07-07,0.08605150467298005,0.001438659782329895
2021-07-08,0.08531147213179335,0.0015624976598040204
2021-07-09,0.08139508029886112,0.0011633669565778413
2021-07-10,0.07840198305912949,0.0008275688752753682
2021-07-11,0.07611554365907755,0.0006036159751512311
2021-07-12,0.07429366954281796,0.00046427655828054415
2021-07-13,0.07255479768810842,0.0003790664204940756
2021-07-14,0.07093871504580421,0.00032715269518266977
2021-07-15,0.0939812081413818,0.004468838801076586
2021-07-16,0.08188173182115745,0.003872391808130992
2021-07-17,0.07612613797580647,0.0028558237066952778
2021-07-18,0.07062042540170789,0.0019247936285663823
2021-07-19,0.06660714339386109,0.0012699005128215613
2021-07-20,0.0638015844108411,0.0008518114676331861
2021-07-21,0.06175820787193686,0.0005951073598062327
2021-07-22,0.060234360236205896,0.0004403699071828069
2021-07-23,0.05885131910747689,0.00034684291125014683
2021-07-24,0.057536856996867634,0.0002898545303768237
2021-07-25,0.056324856159860714,0.00025470572387243534
2021-07-26,0.055319159351603905,0.0002329578502926974
2021-07-27,0.054282297882178164,0.0002184376610848101
2021-07-28,0.053248706775400806,0.00020828336711995352
2021-07-29,0.05230721591815175,0.0002010415046661532
2021-07-30,0.051606033727519936,0.00023069730846215426
2021-07-31,0.05054303402212092,0.00022106614302567576
2021-08-01,0.0495093753452505,0.0002079054125869859
2021-08-02,0.04858765442521084,0.00019701957494503943
2021-08-03,0.04789504605969706,0.0001892500546729452
2021-08-04,0.04696047857449834,0.00018223771171011524
2021-08-05,0.04616306197056319,0.0001769778484320736
2021-08-06,0.04542232432725164,0.0001727390620929425
2021-08-07,0.04479445299642274,0.0001694667943380698
2021-08-08,0.0439982091955533,0.00016587862976309077
2021-08-09,0.04333680355703887,0.00016306012870771173
2021-08-10,0.04262528654138634,0.0001601694282432553
2021-08-11,0.0923894888888832,0.004049026730661007
2021-08-12,0.08372963136629087,0.004511717376242784
2021-08-13,0.10998948887690306,0.006333195912216207
2021-08-14,0.07895163523723446,0.00488229904639902
2021-08-15,0.07063104639127181,0.00344881897305068
2021-08-16,0.057860289176618104,0.0025157260900481276
2021-08-17,0.0489080951258762,0.0016139410782528296
2021-08-18,0.04366031749464689,0.0011428228308161
2021-08-19,0.03962068374001335,0.0008036373804435842
2021-08-20,0.03772316620141867,0.0006045525704864127
2021-08-21,0.034636464094280076,0.0004267092196100865
2021-08-22,0.03310902199481927,0.00030814349136466004
2021-08-23,0.03229974913865958,0.00023741580356417756
2021-08-24,0.03169593063610657,0.00019147395769739768
2021-08-25,0.031255871219052586,0.00016187742767088785
2021-08-26,0.03104199070860197,0.00014334138490146138
2021-08-27,0.030597961655710958,0.00013036868246907483
2021-08-28,0.030193455204275473,0.00012174550100369096
2021-08-29,0.029676891393927173,0.0001152790995531315
2021-08-30,0.029055157368907934,0.00010980738505145884
2021-08-31,1.700392765036472,0.12380549935934126
2021-09-01,0.671426005802697,0.065750979450406
2021-09-02,0.42985219700480987,0.029310752290506496
2021-09-03,0.2803802794796019,0.01357769116735749
2021-09-04,0.21647359819949707,0.019123366545418616
2021-09-05,0.17896539364965486,0.00918739951412347
2021-09-06,0.16316099774655693,0.00794384354871205
2021-09-07,0.15242031887934376,0.004670149987925046
2021-09-08,0.14538849896550324,0.0027684655753194426
2021-09-09,0.14029877268499422,0.0016990105368344373
2021-09-10,0.13616808175623013,0.0011230614755838686
2021-09-11,0.1323200495079212,0.0008124580729363733
2021-09-12,0.12896470718410663,0.0006434409927005988
2021-09-13,0.1257789385980818,0.0010908784986410573
2021-09-14,0.1223256134900978,0.0010707858975143806
2021-09-15,0.1194514254017565,0.000881603361859735
2021-09-16,0.11628300003206248,0.0006948899260739969
2021-09-17,0.11336473515705416,0.0005629288123636417
2021-09-18,0.110560951752226,0.00048026530890951804
2021-09-19,0.1077629209202603,0.00043015076168770994
2021-09-20,0.1051339085785037,0.0003996661725087576
2021-09-21,0.10244863481969008,0.0003792441732596057
2021-09-22,0.10002528195076976,0.0003651683911794027
2021-09-23,0.09768735982588558,0.00035412086342038253
2021-09-24,0.09562740021484825,0.0005354152016158426
2021-09-25,0.09334504624754604,0.0004887776106535665
2021-09-26,0.09116832559974575,0.0004279579462747938
2021-09-27,0.08901589220128128,0.0003820905554617815
2021-09-28,0.0890903712070409,0.003639342793002095
2021-09-29,0.09630729381504673,0.01922499818085553
2021-09-30,0.08850728315580764,0.010475978381661314
2021-10-01,0.08467629691171716,0.006665707167380827
2021-10-02,0.23366786467433134,0.007110973265507419
2021-10-03,0.13037684916300413,0.0032517173542046763
2021-10-04,0.09820533759060568,0.0017573733491703077
2021-10-05,0.07934198948705452,0.0010301167112653905
2021-10-06,0.06553707393322226,0.0006408981048368209
2021-10-07,0.05481453565336532,0.000423220778406457
2021-10-08,0.04673179384882745,0.00029863997071860246
2021-10-09,0.040717963653094255,0.00022552109352669196
2021-10-10,0.03645183493915277,0.00018177583312220313
2021-10-11,0.033320672748344715,0.00015442397549681846
2021-10-12,0.03093599242639963,0.0001365827277693752
2021-10-13,0.027385444892932785,0.00011731198551606658
2021-10-14,0.024887254921192283,0.00010395437009270845
2021-10-15,0.050845744307031135,0.000539125209826416
2021-10-16,0.045896435655080836,0.0004665459019899929
2021-10-17,0.03785405346424222,0.0003266948501740306
2021-10-18,0.03560312145730406,0.00032108773410758067
2021-10-19,0.03283902948410222,0.0002906165073843144
2021-10-20,0.08956493979109169,0.0011871183429549386
2021-10-21,0.09428332193894404,0.0013549809551477038
2021-10-22,0.07045495621250648,0.0008623881236954002
2021-10-23,0.05119979568421679,0.0005340750239936529
2021-10-24,0.04569302511257493,0.00039099572729290623
2021-10-25,0.05086059317754828,0.00044711511988390715
2021-10-26,0.04315003534554001,0.00035042105654427687
2021-10-27,0.03449727858921798,0.00024243146782322445
2021-10-28,0.02825880774416534,0.00017755167803756356
2021-10-29,0.02429852165543841,0.00013797705648934755
2021-10-30,0.02170319709983661,0.0001126820669564185
2021-10-31,0.020081095470824845,9.66179821489906e-05
2021-11-01,0.05387084176183672,0.000531430286591473
2021-11-02,0.04616637290245432,0.0006174220096230415
2021-11-03,0.04053419105292997,0.0005312554564346643
2021-11-04,0.034922348196760274,0.00041803562548829346
2021-11-05,0.0274290382709316,0.00028511517428283557
2021-11-06,0.036344059404059915,0.00045592335228207846
2021-11-07,0.02837809618353504,0.0003196881545891391
2021-11-08,0.023722204871295106,0.00022576185391439242
2021-11-09,0.1780565336170142,0.00279571902733097
2021-11-10,0.10466385588368597,0.001706661702828709
2021-11-11,0.07386788897930625,0.0011005410951752028
2021-11-12,0.04782935627230043,0.0006445191305317175
2021-11-13,0.7538210046572239,0.013600352006187883
2021-11-14,0.310897286317636,0.006011207769700357
2021-11-15,0.1805879002261954,0.003054625212751227
2021-11-16,0.1006463871269264,0.001537758451704753
2021-11-17,0.08860008001097693,0.001374798700425724
2021-11-18,0.05953132838848236,0.0008663301046093532
2021-11-19,0.045491007726812666,0.0005735828867421841
2021-11-20,0.03476068081580112,0.0003794826623687504
2021-11-21,0.02769148524500865,0.00026050302327238227
2021-11-22,0.02342424423531996,0.00018906191593136867
2021-11-23,0.24748080536667008,0.0037086948402994934
2021-11-24,0.2544862902245119,0.004722478289036837
2021-11-25,0.21079798852474638,0.003701337233995634
2021-11-26,0.28135153448591477,0.0048494065585863895
2021-11-27,0.44731468713900707,0.007275498108693204
2021-11-28,0.22189783586820222,0.0036185181104749276
2021-11-29,3.1429225007088895,0.044618823936370615
2021-11-30,1.279209105237082,0.016778211097107386
2021-12-01,0.49253961330417984,0.010394180297098597
2021-12-02,1.8983566312983153,0.0969358577131255
2021-12-03,0.9692538937133114,0.044210054745170625
2021-12-04,0.4435725607658563,0.014702752019482748
2021-12-05,0.31644727171283493,0.006531271344394336
2021-12-06,0.2717218788424187,0.0034559727068142507
2021-12-07,0.2534315697383642,0.002459304869573765
2021-12-08,0.24104113012368905,0.001750225908616368
2021-12-09,0.23206493570735473,0.0013595008777787436
2021-12-10,0.5030273511483501,0.022376771899461703
2021-12-11,0.5820172756274589,0.0383728220144209
2021-12-12,1.6713116585529109,0.170425730949918
2021-12-13,0.8850977545468385,0.0791829760845478
2021-12-14,0.7630303707249412,0.039834531666646626
2021-12-15,0.5309971119810984,0.01746546776141994
2021-12-16,0.42101312882390757,0.008388187196215586
2021-12-17,0.3727921769739534,0.004580059220661007
2021-12-18,0.3488872441973945,0.002903418081887757
2021-12-19,0.3901018773751649,0.00934968443670753
2021-12-20,0.3517718651611124,0.006826377219461565
2021-12-21,0.33334997589494586,0.00465882066534125
2021-12-22,0.31296450458608394,0.002952914929243708
2021-12-23,0.29888433495042194,0.002070191616836211
2021-12-24,0.28806089021867093,0.001604002809688703
2021-12-25,0.28072246288558356,0.001406293855672269
2021-12-26,0.3552261853541009,0.009814247080057435
2021-12-27,0.6306680297647693,0.03719702899670304
2021-12-28,0.41307044818431304,0.020182741502327274
2021-12-29,0.47480217713584594,0.02352130449724744
2021-12-30,0.8294543596020229,0.07893936228140877
2021-12-31,2.124401319158318,0.1787922291107604
2022-01-01,0.794779334517713,0.06092837116363161
2022-01-02,0.5311251810716944,0.026499495335413736
2022-01-03,0.42514938124339957,0.012550720262933052
2022-01-04,0.37871947850969484,0.006545253970627066
2022-01-05,0.35496547621357694,0.003815667767268151
2022-01-06,0.34003400927263033,0.0025253508819368265
2022-01-07,0.6258224337684404,0.030704750636199252
2022-01-08,0.545163984738449,0.025455378084982237
2022-01-09,0.4252182045605134,0.014100076375021708
2022-01-10,0.4352887670083594,0.014268121615078858
2022-01-11,0.497446018617488,0.022575499416631537
2022-01-12,0.38751824491533104,0.014126809170635095
2022-01-13,0.3358832528595082,0.009245382880177828
2022-01-14,0.2955351646710266,0.005279865348959745
2022-01-15,0.272720231753679,0.0032052568759392583
2022-01-16,0.2584233032480307,0.0021260031751470366
2022-01-17,0.24879472348271714,0.0015624594497262315
2022-01-18,0.24049974629309442,0.0012597363442694363
2022-01-19,0.23375741294267036,0.001135360880466216
2022-01-20,0.2667866857580619,0.004713023347323662
2022-01-21,0.42566608789752586,0.02210971415195463
2022-01-22,0.3631544191025088,0.01955987164000822
2022-01-23,0.2927972809977475,0.012599133644481085
2022-01-24,0.24868758147245107,0.00735471853545944
2022-01-25,0.2198274000909961,0.004253596657768869
2022-01-26,0.22636519526741145,0.004983550317103698
2022-01-27,0.2588070916085183,0.008229515073643886
2022-01-28,0.3151058378356117,0.013865824453994705
2022-01-29,0.31665103995580685,0.016627152287900585
2022-01-30,0.2781102210776221,0.013549907916842381
2022-01-31,0.4704144549493414,0.03782792644018005
2022-02-01,0.44943586402870417,0.02692627535243593
2022-02-02,0.3183430358265046,0.013834022237791024
2022-02-03,0.2769212494964538,0.008638729915858318
2022-02-04,3.166187702253999,0.10359339624164013
2022-02-05,1.4013455347440729,0.03936828750829005
2022-02-06,1.1993729119475918,0.01929286113170556
2022-02-07,0.7888982551338657,0.00920705115834851
2022-02-08,0.5464429525284823,0.004955090716889722
2022-02-09,0.44295474968059345,0.0030347679674656977
2022-02-10,0.3967449276936065,0.0021443139151485066
2022-02-11,0.3733782960115629,0.0017419552276595285
2022-02-12,0.35893713901557966,0.0015507899908545114
2022-02-13,0.3599904328838056,0.00199347688899233
2022-02-14,0.3759378071419837,0.002903659192582466
2022-02-15,0.3945852075203339,0.004099624970756217
2022-02-16,0.5593262578126367,0.011415150308111969
2022-02-17,0.6216147915919714,0.01433411036024296
2022-02-18,0.43622352225812727,0.006959161953693048
2022-02-19,0.3630144946186955,0.004040083681090196
2022-02-20,0.3177760925928734,0.0026243929038861492
2022-02-21,0.2889787618860624,0.0017722348601930174
2022-02-22,0.3030539312549141,0.0026940563961464674
2022-02-23,0.31455978285925257,0.003322023060685167
2022-02-24,0.27564691097665334,0.0019554344738600665
2022-02-25,0.35377489569637005,0.004792567180462484
2022-02-26,0.494398603528342,0.012127468637153178
2022-02-27,0.36231923807420796,0.0058440889875264615
2022-02-28,0.30142907753727305,0.0037906973241886447
2022-03-01,0.25041956683581784,0.002122759465707534
2022-03-02,0.2282543808883965,0.0014873304603513558
2022-03-03,0.21883824490030285,0.0012338715704271232
2022-03-04,0.2111601183035379,0.0010772891284002919
2022-03-05,0.2953994159911197,0.003728134332576875
2022-03-06,0.22378777928363186,0.001628892891301144
2022-03-07,0.24144585261934645,0.001940719291849099
2022-03-08,0.274094493336672,0.002728596545147586
2022-03-09,0.24058992642249666,0.0019684239611486858
2022-03-10,0.24122267547326273,0.002331801623205663
2022-03-11,0.3346559100470879,0.004601393671408652
2022-03-12,0.5081600261697664,0.010399208403662359
2022-03-13,0.46245789430973183,0.007920427753115777
2022-03-14,0.31054785055726897,0.004093995885140715
2022-03-15,0.302356210152296,0.004294945480416834
2022-03-16,0.2189989914806069,0.002333284619890505
2022-03-17,0.17936476219884118,0.0014543151904006194
2022-03-18,0.15594924334128019,0.0010002461957621133
2022-03-19,0.14383797843281854,0.0007908134983625337
2022-03-20,0.13556816744405736,0.0006545620035235964
2022-03-21,0.14032350940292004,0.0008860521676649462
2022-03-22,0.130269834730584,0.0006772404834894549
2022-03-23,0.12404016122495677,0.0005777809915254887
2022-03-24,0.11945144007532711,0.0005188853862335692
2022-03-25,0.116438837582785,0.0004992341675396199
2022-03-26,0.11317511761911353,0.0004695457559121735
2022-03-27,0.15807563254770382,0.00155338687742682
2022-03-28,0.3066805840667542,0.005419679200142811
2022-03-29,0.20140764307926634,0.00253011274273046
2022-03-30,0.15430368325991267,0.0014598474875759835
2022-03-31,0.12510456027325287,0.0009316126220745498
2022-04-01,0.10892521680503169,0.0006638296134479303
2022-04-02,0.16771266718512298,0.002451791623055358
2022-04-03,0.12069463204939444,0.0009842132682891702
2022-04-04,0.44507623627308335,0.008257675692775555
2022-04-05,0.27431356555739,0.003914667539885991
2022-04-06,0.18840089823268352,0.0020216675471229845
2022-04-07,0.1364713161204899,0.0011719305587239023
2022-04-08,0.10737768701128257,0.0007486372474791698
2022-04-09,0.15360199414816492,0.0022183522640831957
2022-04-10,0.21221974604309304,0.0034964761421009205
2022-04-11,0.15339915312302924,0.001913031182346749
2022-04-12,0.11837846793454668,0.0011506910156880278
2022-04-13,0.11043594660860338,0.0011155873643335945
2022-04-14,0.10752191413695106,0.0010809119655644296
2022-04-15,0.08786590647340513,0.0006500754433471411
2022-04-16,0.07792948572118885,0.00047477410234774147
2022-04-17,0.07172847569550543,0.0003771399983377212
2022-04-18,0.07140532983272546,0.00043250905485332016
2022-04-19,0.17671854052323596,0.00343073957842485
2022-04-20,0.13512216711484593,0.0017605249437846208
2022-04-21,0.1364390890643097,0.0016651437586527847
2022-04-22,0.2851709833320676,0.005197935486967086
2022-04-23,2.419476424495834,0.059776206952729935
2022-04-24,1.1126665499713762,0.019203283144590664
2022-04-25,1.5535671042401784,0.02653410655343193
2022-04-26,5.917979119244589,0.1299952232847923
2022-04-27,6.5706302339430085,0.13426232790945253
2022-04-28,3.46816383344795,0.05678525271556778
2022-04-29,1.9146283202970455,0.023873217453119912
2022-04-30,1.1444375343090385,0.010992263983182867
2022-05-01,0.8394152738503341,0.006216918653897097
2022-05-02,0.7079324544302923,0.003942206721738289
2022-05-03,0.6663317167548203,0.0034802577215853015
2022-05-04,0.621277722077773,0.0026755151076627037
2022-05-05,0.5939630272863516,0.0023266096368890804
2022-05-06,0.5734748851694451,0.002146059496079299
2022-05-07,0.6373111729906219,0.004458723583593304
2022-05-08,0.6392404973404412,0.004985663907317662
2022-05-09,3.308417264292089,0.1005671495929949
2022-05-10,13.485116683535066,0.41824554153995724
2022-05-11,52.22520448978358,1.5620747267822166
2022-05-12,52.29021249566245,1.4718485116843942
2022-05-13,32.02049254731628,0.8266384633663614
2022-05-14,20.455962681728945,0.48833895811816513
2022-05-15,13.279520841808862,0.2975098080863127
2022-05-16,8.687285140787642,0.17851900235101523
2022-05-17,6.122361621180964,0.10870221879668049
2022-05-18,4.311165164365795,0.0652427569427315
2022-05-19,3.298852523085532,0.04203347305490939
2022-05-20,2.650253252167992,0.026531104183177577
2022-05-21,5.578963503877351,0.09804132453543962
2022-05-22,5.987433363621262,0.11808704553440537
2022-05-23,4.901519236528383,0.08226023320168299
2022-05-24,3.605244411842584,0.05082092954305145
2022-05-25,2.7944982861003718,0.03176070828864996
2022-05-26,2.313223268660045,0.020700836738311842
2022-05-27,2.0263746967430176,0.014375177732303023
2022-05-28,1.845801079712346,0.0106512733416208
2022-05-29,1.726507276307123,0.008494746460011434
2022-05-30,1.6410342912268385,0.007224638368767757
2022-05-31,1.5742637262934358,0.006453672320247401
2022-06-01,1.5184407875218888,0.024732709231003448
2022-06-02,1.4688678830008288,0.022729771165808883
2022-06-03,1.423094098644333,0.01665725130248996
2022-06-04,1.379978069721099,0.011649809673407343
2022-06-05,1.338885191658582,0.009412206114347689
2022-06-06,1.3001333330476401,0.012282126512891582
2022-06-07,1.2611626128439242,0.008401266789124453
2022-06-08,1.2315249338869356,0.04365327551170461
2022-06-09,1.1901576290124332,0.02301900340376705
2022-06-10,1.1536846562466485,0.011964718207616838
2022-06-11,1.1189678886418954,0.007237160112248218
2022-06-12,1.0859579888627255,0.005278427478436821
2022-06-13,1.053880073604695,0.004432990442860499
2022-06-14,1.0230474423544371,0.004923006199983984
2022-06-15,0.992973107035563,0.004336143322751384
2022-06-16,0.9638625802007257,0.003918150759440157
2022-06-17,0.9357186955995889,0.0036506139115600245
2022-06-18,0.9081863141276052,0.00346554850839098
2022-06-19,0.8815752401498363,0.0033251062389034252
2022-06-20,0.8558799047655568,0.0032088371990118434
2022-06-21,0.8308403730331062,0.003223702123513527
2022-06-22,0.8065672016131042,0.003076242496265519
2022-06-23,0.7829716855680129,0.002951591080111547
2022-06-24,0.7601678256592271,0.0028485049015979803
2022-06-25,0.7381252599537771,0.0027577680294231213
2022-06-26,0.7230250231656736,0.03362638993480144
2022-06-27,0.6986246788405723,0.020896284451495533
2022-06-28,0.6772576527360951,0.01139773015424933
2022-06-29,0.6754801082261743,0.09515777996778362
2022-06-30,0.6463520375683351,0.05868942324723948
2022-07-01,0.6296213036303756,0.02942214638877797
